"","ISO3","AGE_BANDS","inc_band_per100k","WHO_R","tbi_prev","tbi_prev_low","tbi_prev_hi"
"1","ABW","0-14","10-29","AMRO",0.0022214047641839,0.00198554225370167,0.00248132635712546
"2","ABW","15-24","10-29","AMRO",0.00546574215849351,0.00502792112464744,0.00597486847379741
"3","ABW","25-54","10-29","AMRO",0.0140821555334882,0.0103618492898033,0.0208629592657138
"4","ABW","55-64","10-29","AMRO",0.0253796380504445,0.0155654448060479,0.0472938146583682
"5","ABW","65+","10-29","AMRO",0.0405343462439691,0.0206362030502733,0.102192742806017
"6","AFG","0-14","100-199","EMRO",0.0368437700312329,0.0332238181252582,0.0411775960209877
"7","AFG","15-24","100-199","EMRO",0.0913848534139584,0.08405779491299,0.0991184482422499
"8","AFG","25-54","100-199","EMRO",0.33526487343686,0.284480978775722,0.390181343002559
"9","AFG","55-64","100-199","EMRO",0.646946189792303,0.539085367224747,0.732585038013368
"10","AFG","65+","100-199","EMRO",0.835409241937841,0.708555257424508,0.929399647799882
"11","AGO","0-14","200+","AFR-Low",0.0433629442725216,0.0385003143951589,0.0489560461807155
"12","AGO","15-24","200+","AFR-Low",0.0926610968099843,0.0846707835447961,0.10163820197698
"13","AGO","25-54","200+","AFR-Low",0.220896424855573,0.172719120370441,0.312679722289324
"14","AGO","55-64","200+","AFR-Low",0.318918288123325,0.202020056466927,0.536281368079939
"15","AGO","65+","200+","AFR-Low",0.379350775961253,0.189364049349018,0.720244655692492
"16","AIA","15-24","10-29","AMRO",0.00617673370746744,0.00558601216984677,0.00680170918062206
"17","AIA","25-54","10-29","AMRO",0.0218564406560003,0.0147824590662272,0.037472215265985
"18","AIA","55-64","10-29","AMRO",0.0393627753319205,0.0231304155734947,0.0839156562070146
"19","AIA","65+","10-29","AMRO",0.0683720530175345,0.0334906661660376,0.167184259298087
"20","ALB","0-14","10-29","EURO",0.00283706485476115,0.00250733720832843,0.00319648441404812
"21","ALB","15-24","10-29","EURO",0.00723329002413214,0.00662491865585525,0.00787871293264808
"22","ALB","25-54","10-29","EURO",0.0298011712679829,0.0212140084416684,0.0454246326904043
"23","ALB","55-64","10-29","EURO",0.0653176856205968,0.0365419591406198,0.12734015469878
"24","ALB","65+","10-29","EURO",0.115224093624341,0.0481333980852297,0.280173307941539
"25","AND","0-14","0-9","EURO",0.00200426417529004,0.00176497492435058,0.00226948152636457
"26","AND","25-54","0-9","EURO",0.0621757331296224,0.0383930729732759,0.119166744711393
"27","ARE","0-14","0-9","EMRO",0.0012114264776054,0.00106999328563601,0.00139498198292282
"28","ARE","15-24","0-9","EMRO",0.00485491672649186,0.00448558056993373,0.00524750205699555
"29","ARE","25-54","0-9","EMRO",0.046634462312648,0.0276376138770924,0.078465726431453
"30","ARE","55-64","0-9","EMRO",0.212633573524797,0.0970204395733462,0.425449990117216
"31","ARG","0-14","10-29","AMRO",0.00377570364880379,0.00333739614609174,0.00428024134235913
"32","ARG","15-24","10-29","AMRO",0.012020779169456,0.0109524282938113,0.0133199175120729
"33","ARG","25-54","10-29","AMRO",0.0612111665904097,0.0509502455307403,0.0726727924456703
"34","ARG","55-64","10-29","AMRO",0.149388657349792,0.119883072942618,0.186958072101322
"35","ARG","65+","10-29","AMRO",0.298421067103358,0.212645624362394,0.410281621920282
"36","ARM","0-14","30-49","EURO",0.0101400199278057,0.00892952075547688,0.0113353550841618
"37","ARM","15-24","30-49","EURO",0.0245540427304936,0.0224988530192418,0.0266608354404447
"38","ARM","25-54","30-49","EURO",0.0445386118113591,0.0379034030734943,0.0564883219499841
"39","ARM","55-64","30-49","EURO",0.0474238341350553,0.0344600604915267,0.0780921778489243
"40","ARM","65+","30-49","EURO",0.0577926160530981,0.0389187701517758,0.107467595361188
"41","ATG","0-14","0-9","AMRO",0.00131647836158164,0.00115561744363406,0.00149831887477524
"42","ATG","15-24","0-9","AMRO",0.00304618963491,0.00278585967871645,0.00332875231499319
"43","ATG","25-54","0-9","AMRO",0.00912768616932347,0.00729137963784861,0.0125409630258142
"44","ATG","55-64","0-9","AMRO",0.0173972208404486,0.0118934116145038,0.0318074303362872
"45","ATG","65+","0-9","AMRO",0.0289117406034198,0.0161519168534013,0.0723196798333775
"46","AUS","0-14","0-9","WPRO",0.00154831215258922,0.00136890165825116,0.00175141702149076
"47","AUS","15-24","0-9","WPRO",0.00374639666225139,0.003437505061751,0.00408093210563461
"48","AUS","25-54","0-9","WPRO",0.0101946625042816,0.0079299019421972,0.0145858648207931
"49","AUS","55-64","0-9","WPRO",0.0208223227673402,0.0130601395952158,0.0380531383901977
"50","AUS","65+","0-9","WPRO",0.0401822409528679,0.0198182972953281,0.0932979562672278
"51","AUT","0-14","0-9","EURO",0.00206527331125069,0.00183142637508351,0.00233447307169367
"52","AUT","15-24","0-9","EURO",0.00550696821194205,0.00504863173753947,0.00603980186213558
"53","AUT","25-54","0-9","EURO",0.0294484811131752,0.0193716271616326,0.0539883492133552
"54","AUT","55-64","0-9","EURO",0.0706861855728022,0.0348899516556527,0.165913421843588
"55","AUT","65+","0-9","EURO",0.178929600378944,0.0659727062159725,0.444653579798161
"56","AZE","0-14","50-99","EURO",0.0361498184841882,0.031816887554331,0.0410567884697301
"57","AZE","15-24","50-99","EURO",0.227870502933864,0.207451888963622,0.250424868028303
"58","AZE","25-54","50-99","EURO",0.771821979157875,0.678694991191352,0.822549630391172
"59","AZE","55-64","50-99","EURO",0.999194612723564,0.993655751547204,0.999857683016814
"60","AZE","65+","50-99","EURO",0.99980325325507,0.998521037402392,0.999994743392149
"61","BDI","0-14","100-199","AFR-High",0.0235948942930064,0.0210738209133145,0.0265567798608773
"62","BDI","15-24","100-199","AFR-High",0.0940557145676775,0.0863633036272304,0.101765755382895
"63","BDI","25-54","100-199","AFR-High",0.290010547005398,0.230669175910983,0.378096576606232
"64","BDI","55-64","100-199","AFR-High",0.519267292067177,0.353195191124123,0.772276032202589
"65","BDI","65+","100-199","AFR-High",0.650615188585816,0.407650806738822,0.898201127408807
"66","BEL","0-14","10-29","EURO",0.00216561410952562,0.00192727869646063,0.002439167270182
"67","BEL","15-24","10-29","EURO",0.00588756327635555,0.00544148571867479,0.00638144810641762
"68","BEL","25-54","10-29","EURO",0.0234413186370156,0.0163148383166291,0.0386932463539317
"69","BEL","55-64","10-29","EURO",0.0478677804325714,0.0268285269909222,0.105923778883864
"70","BEL","65+","10-29","EURO",0.105594719147666,0.043598628600577,0.294609229792089
"71","BEN","0-14","50-99","AFR-Low",0.0117055688156548,0.0103930096926457,0.0130567813449677
"72","BEN","15-24","50-99","AFR-Low",0.0395224100554521,0.0359673296131474,0.0428735746320233
"73","BEN","25-54","50-99","AFR-Low",0.190947436309683,0.134381750982768,0.294733850624591
"74","BEN","55-64","50-99","AFR-Low",0.444868965045488,0.228745190183248,0.780266075543436
"75","BEN","65+","50-99","AFR-Low",0.632000958721835,0.252001256154629,0.915531976405866
"76","BFA","0-14","50-99","AFR-Low",0.0119716786346467,0.0108365105021999,0.0133527410981535
"77","BFA","15-24","50-99","AFR-Low",0.0331472728012517,0.0307453419354945,0.0359891619497376
"78","BFA","25-54","50-99","AFR-Low",0.0838358541785047,0.0676796587880697,0.1084674392165
"79","BFA","55-64","50-99","AFR-Low",0.114093928893605,0.0739483586421299,0.202083245526749
"80","BFA","65+","50-99","AFR-Low",0.149526795051614,0.0885414900102,0.359573974356203
"81","BGD","0-14","200+","SEARO",0.0427248502529793,0.0384600809116262,0.0475956285977509
"82","BGD","15-24","200+","SEARO",0.103241535422147,0.0953522306338168,0.111544683546084
"83","BGD","25-54","200+","SEARO",0.268882934003987,0.23462052838467,0.312718433629573
"84","BGD","55-64","200+","SEARO",0.347709859879522,0.272692049595738,0.433644082275142
"85","BGD","65+","200+","SEARO",0.40915935196949,0.303499064005609,0.557128906262503
"86","BGR","0-14","10-29","EURO",0.00611994038930967,0.00546010766821013,0.00687001889151783
"87","BGR","15-24","10-29","EURO",0.0187187120267498,0.0171976409161167,0.0204852030749806
"88","BGR","25-54","10-29","EURO",0.0726791106138051,0.0518694506353351,0.113967807500292
"89","BGR","55-64","10-29","EURO",0.151652141072818,0.0792926039808413,0.335837940099658
"90","BGR","65+","10-29","EURO",0.232971345587252,0.0944163770271221,0.594818626545214
"91","BHR","0-14","10-29","EMRO",0.00446597036610272,0.0039721296129017,0.00506868515186444
"92","BHR","15-24","10-29","EMRO",0.0091475468139029,0.00832794792321089,0.0100701854792989
"93","BHR","25-54","10-29","EMRO",0.0465973574326822,0.0364769271412042,0.0588845350373565
"94","BHR","55-64","10-29","EMRO",0.115279564333158,0.0773970882202113,0.169438211946348
"95","BHR","65+","10-29","EMRO",0.215048449785432,0.122383291306359,0.355914421760572
"96","BHS","0-14","10-29","AMRO",0.00224940231236638,0.0020139133761575,0.002512874661296
"97","BHS","15-24","10-29","AMRO",0.00792014812737742,0.00736056305565005,0.00856458628342535
"98","BHS","25-54","10-29","AMRO",0.0336928705570998,0.0214867414699489,0.0607702655349107
"99","BHS","55-64","10-29","AMRO",0.0863695014960083,0.0390172501693261,0.248299593287743
"100","BHS","65+","10-29","AMRO",0.193247074251985,0.0683897878346165,0.627882933507171
"101","BIH","0-14","30-49","EURO",0.010347177409041,0.00918478636090594,0.0116157525196688
"102","BIH","15-24","30-49","EURO",0.0175557054112066,0.0159410106945949,0.0192192581214015
"103","BIH","25-54","30-49","EURO",0.109319411610071,0.0720191054549698,0.165933593416679
"104","BIH","55-64","30-49","EURO",0.258932001003555,0.144250161629046,0.521377300742054
"105","BIH","65+","30-49","EURO",0.404326225914977,0.159054168697691,0.781627063364002
"106","BLR","0-14","30-49","EURO",0.0101082999850229,0.00898233476033907,0.011458498000602
"107","BLR","15-24","30-49","EURO",0.0259219050335883,0.0236079702043224,0.0283331051668957
"108","BLR","25-54","30-49","EURO",0.0658733486195077,0.052139362629546,0.0907076015415411
"109","BLR","55-64","30-49","EURO",0.0946789729467241,0.0572147875493386,0.176817472744574
"110","BLR","65+","30-49","EURO",0.111418107399799,0.0605185102193411,0.267962252523003
"111","BLZ","0-14","30-49","AMRO",0.00467808679078373,0.00415762584542096,0.00528896887209921
"112","BLZ","15-24","30-49","AMRO",0.0129079340180761,0.0118921167629528,0.014115707710107
"113","BLZ","25-54","30-49","AMRO",0.0357830485598042,0.0254256061245804,0.0546944248278636
"114","BLZ","55-64","30-49","AMRO",0.0667758558038686,0.0379002162264889,0.128650987093337
"115","BLZ","65+","30-49","AMRO",0.110150000828906,0.0478498238816068,0.277956234706984
"116","BMU","0-14","0-9","AMRO",0.0013759417480052,0.00120521506647329,0.00156650238758043
"117","BMU","15-24","0-9","AMRO",0.00287414418745384,0.00262160617916333,0.00314873930616697
"118","BMU","25-54","0-9","AMRO",0.0101915323191259,0.00763089135190768,0.0151118293157415
"119","BMU","55-64","0-9","AMRO",0.0224743036487334,0.0137301369673467,0.0446155060528989
"120","BMU","65+","0-9","AMRO",0.0444303511737697,0.0212658220386362,0.127353986964822
"121","BOL","0-14","100-199","AMRO",0.0201602738086311,0.0180349580556395,0.0226318342802575
"122","BOL","15-24","100-199","AMRO",0.0577869705926888,0.0529722985058486,0.0633163982432363
"123","BOL","25-54","100-199","AMRO",0.232619841610944,0.171111759678357,0.337715455904305
"124","BOL","55-64","100-199","AMRO",0.434004022842272,0.260021840193808,0.698670505923087
"125","BOL","65+","100-199","AMRO",0.583039720181006,0.307980380666095,0.881991144799971
"126","BRA","0-14","30-49","AMRO",0.00646590420384229,0.00578347167576805,0.00725421494115875
"127","BRA","15-24","30-49","AMRO",0.0204847790966518,0.0188939963952867,0.0221738453724129
"128","BRA","25-54","30-49","AMRO",0.0957309620935702,0.0751344650616644,0.126223480543407
"129","BRA","55-64","30-49","AMRO",0.203233465050436,0.117144269382868,0.326153581351493
"130","BRA","65+","30-49","AMRO",0.376997343993116,0.178326572937085,0.618515672316293
"131","BRB","0-14","0-9","AMRO",0.00100428473634467,0.000866624523512881,0.00115252529446071
"132","BRB","15-24","0-9","AMRO",0.00228726898581154,0.00205638239358933,0.00252328392902235
"133","BRB","25-54","0-9","AMRO",0.00829184324653769,0.00654554320897124,0.0119910733957862
"134","BRB","55-64","0-9","AMRO",0.0194636734275071,0.0124932075040232,0.0370611689810019
"135","BRB","65+","0-9","AMRO",0.0437115631627759,0.0212816844962389,0.107773944978544
"136","BRN","0-14","50-99","WPRO",0.0083221158247704,0.00739176609761437,0.00949584895481381
"137","BRN","15-24","50-99","WPRO",0.0163154264033659,0.0148515566041663,0.0179874606044473
"138","BRN","25-54","50-99","WPRO",0.0408334028471289,0.0268072008309468,0.0674805796104985
"139","BRN","55-64","50-99","WPRO",0.0804209319915872,0.0439398131172213,0.167507149285637
"140","BRN","65+","50-99","WPRO",0.120044501442602,0.052668688018066,0.313482187311965
"141","BTN","0-14","100-199","SEARO",0.0369303247480818,0.0334075464602095,0.0413295105955518
"142","BTN","15-24","100-199","SEARO",0.171548600600255,0.158299191540383,0.184220347098387
"143","BTN","25-54","100-199","SEARO",0.752364383249171,0.658974202977884,0.806093571731272
"144","BTN","55-64","100-199","SEARO",0.999956105041149,0.986943731222536,0.999999997205919
"145","BTN","65+","100-199","SEARO",0.999808444606471,0.998713340294912,0.999987184481875
"146","BWA","0-14","200+","AFR-High",0.0440083397893522,0.0391224983768209,0.0494258174836133
"147","BWA","15-24","200+","AFR-High",0.127517489050734,0.11805903115122,0.13764689580022
"148","BWA","25-54","200+","AFR-High",0.43273516985102,0.380692483368336,0.498291365416396
"149","BWA","55-64","200+","AFR-High",0.688623191826877,0.585960702747076,0.780074864731315
"150","CAF","0-14","200+","AFR-High",0.066047108868763,0.0591555503105869,0.0730523254781169
"151","CAF","15-24","200+","AFR-High",0.264701869504449,0.246208484390052,0.28247522201201
"152","CAF","25-54","200+","AFR-High",0.717009933868522,0.613943163244473,0.794309264427989
"153","CAF","55-64","200+","AFR-High",0.950814730065942,0.80708717583831,0.986329771650816
"154","CHE","0-14","0-9","EURO",0.00172175145786795,0.00151163056335903,0.00194125285512084
"155","CHE","15-24","0-9","EURO",0.00450774101216076,0.00415526049409354,0.00487258626600157
"156","CHE","25-54","0-9","EURO",0.0227794987702343,0.0144540014158302,0.0412431296005439
"157","CHE","55-64","0-9","EURO",0.0622918000996606,0.0282166904891535,0.15996735061117
"158","CHE","65+","0-9","EURO",0.151680578128078,0.0484803203485214,0.512964534449436
"159","CHL","0-14","10-29","AMRO",0.00274475006687258,0.00244345389461546,0.00305904190193482
"160","CHL","15-24","10-29","AMRO",0.00798985685275087,0.00729766196445422,0.0087480646764705
"161","CHL","25-54","10-29","AMRO",0.0439085262069209,0.0273358609632648,0.0828526777912933
"162","CHL","55-64","10-29","AMRO",0.136361025348553,0.0586397723054878,0.31114291824166
"163","CHL","65+","10-29","AMRO",0.285642424623771,0.102181340072776,0.693968097057304
"164","CHN","0-14","50-99","WPRO",0.0119324469919758,0.010857124504982,0.0131491737364049
"165","CHN","15-24","50-99","WPRO",0.0378664774112204,0.0349907670024471,0.040952385036867
"166","CHN","25-54","50-99","WPRO",0.182395137699515,0.153386492063274,0.222040022633968
"167","CHN","55-64","50-99","WPRO",0.405093859201356,0.293918822892176,0.544834416569537
"168","CHN","65+","50-99","WPRO",0.637131376326688,0.429861938067662,0.818819268742155
"169","CIV","0-14","100-199","AFR-High",0.0358542711764365,0.0319019684255725,0.0400266331077866
"170","CIV","15-24","100-199","AFR-High",0.132428089982199,0.122209996668759,0.142845219855619
"171","CIV","25-54","100-199","AFR-High",0.447197982917125,0.353644606062585,0.551693198694399
"172","CIV","55-64","100-199","AFR-High",0.755266738648977,0.506383554018037,0.937020075159621
"173","CIV","65+","100-199","AFR-High",0.819521441677638,0.488198460158672,0.964496754780708
"174","CMR","0-14","200+","AFR-High",0.0427456096732528,0.0379692114416652,0.047868980893975
"175","CMR","15-24","200+","AFR-High",0.130103817863493,0.119293066978393,0.142391309030121
"176","CMR","25-54","200+","AFR-High",0.265640094652472,0.231103703925829,0.306874685095814
"177","CMR","55-64","200+","AFR-High",0.339851762343329,0.25226027649213,0.448913833265186
"178","CMR","65+","200+","AFR-High",0.407755540206684,0.269222112079402,0.556658701148942
"179","COD","0-14","200+","AFR-High",0.0588205467700605,0.0526605840097204,0.0661811342246737
"180","COD","15-24","200+","AFR-High",0.142845889021899,0.132215923573003,0.153783291229495
"181","COD","25-54","200+","AFR-High",0.361127022098042,0.295731826820445,0.45818384492398
"182","COD","55-64","200+","AFR-High",0.536686526319077,0.363374614771158,0.745146988266343
"183","COD","65+","200+","AFR-High",0.623587240017053,0.377846211263405,0.874057716931641
"184","COG","0-14","200+","AFR-High",0.0547672660983478,0.0490186980829476,0.0615033199024729
"185","COG","15-24","200+","AFR-High",0.110854714698646,0.102787194610202,0.120088904937862
"186","COG","25-54","200+","AFR-High",0.220530065384367,0.18767188083281,0.273829299118161
"187","COG","55-64","200+","AFR-High",0.282422940016467,0.197442167191271,0.430385910232964
"188","COG","65+","200+","AFR-High",0.240677009403676,0.136438197084182,0.456389566739777
"189","COK","25-54","10-29","WPRO",0.0242313266236315,0.0175085024721219,0.0342082605499927
"190","COL","0-14","30-49","AMRO",0.00552279339749042,0.00502211092139063,0.0060854438104209
"191","COL","15-24","30-49","AMRO",0.0176724046555046,0.0163426026100978,0.0191758558475878
"192","COL","25-54","30-49","AMRO",0.0732448883077785,0.0539126677168835,0.113689233354149
"193","COL","55-64","30-49","AMRO",0.150989740081929,0.0810233784887073,0.306713205674652
"194","COL","65+","30-49","AMRO",0.249896317813956,0.0994086894195803,0.561297560119704
"195","COM","15-24","30-49","AFR-Low",0.0178954978441467,0.0163370181398589,0.0196545362651193
"196","COM","25-54","30-49","AFR-Low",0.0765629014611278,0.053845706192726,0.113792035882365
"197","COM","55-64","30-49","AFR-Low",0.162446659579054,0.0763983600952888,0.301532072834392
"198","CPV","25-54","50-99","AFR-Low",0.238512993975256,0.168928640386817,0.341612574871781
"199","CPV","55-64","50-99","AFR-Low",0.387436452898621,0.191655746035357,0.618585946748112
"200","CPV","65+","50-99","AFR-Low",0.549002879879087,0.252944355267852,0.821328070637047
"201","CRI","0-14","0-9","AMRO",0.00256267172608976,0.00228570721157856,0.00284521838912599
"202","CRI","15-24","0-9","AMRO",0.00779066721708782,0.00716418461788152,0.00851801931840216
"203","CRI","25-54","0-9","AMRO",0.0495399372164823,0.0314855864154679,0.0822805002095794
"204","CRI","55-64","0-9","AMRO",0.153897226413213,0.0695569273700726,0.296510584106443
"205","CRI","65+","0-9","AMRO",0.320352159972233,0.126425745831728,0.692218986543796
"206","CUB","0-14","0-9","AMRO",0.00217523941427152,0.00192539574964695,0.00245443526276392
"207","CUB","15-24","0-9","AMRO",0.00662430906786673,0.00611001544180342,0.00718696160531867
"208","CUB","25-54","0-9","AMRO",0.0500078270979316,0.031951520754611,0.0936750836074867
"209","CUB","55-64","0-9","AMRO",0.15397720028298,0.074903610084649,0.421482160353836
"210","CUB","65+","0-9","AMRO",0.383661727323501,0.133866867118721,0.827757814849552
"211","CYM","0-14","0-9","AMRO",0.00119436328420849,0.00103650637173322,0.00135808949096579
"212","CYM","15-24","0-9","AMRO",0.00314660136280337,0.00285042174498439,0.00344979061512621
"213","CYM","25-54","0-9","AMRO",0.0122504906131482,0.00900296588452822,0.0192075699850769
"214","CYM","55-64","0-9","AMRO",0.0314137959598739,0.0178145366921326,0.0634630925290611
"215","CYM","65+","0-9","AMRO",0.06782298830035,0.0276520039192834,0.179789694167066
"216","CYP","0-14","0-9","EURO",0.00142626350923412,0.00125714126370239,0.00162400553254125
"217","CYP","15-24","0-9","EURO",0.00334066114990217,0.00305242337860507,0.00364948990592661
"218","CYP","25-54","0-9","EURO",0.0109015143307223,0.00837074783087778,0.01563234317928
"219","CYP","55-64","0-9","EURO",0.0204934229321632,0.0130166461633214,0.0369435737807262
"220","CYP","65+","0-9","EURO",0.0326273053765187,0.0172308844706319,0.0774167914345577
"221","CZE","0-14","0-9","EURO",0.00194666504569583,0.00171964409392675,0.00219694105296696
"222","CZE","15-24","0-9","EURO",0.00612076211471105,0.00561575266965448,0.00667912308749113
"223","CZE","25-54","0-9","EURO",0.0395050373880958,0.0240452113983246,0.0706641196497356
"224","CZE","55-64","0-9","EURO",0.14151323545691,0.0579773023174413,0.291787390006108
"225","CZE","65+","0-9","EURO",0.333080979150963,0.118630685181315,0.695751967013932
"226","DEU","0-14","0-9","EURO",0.00169570481554248,0.00150693387006768,0.00192911982582059
"227","DEU","15-24","0-9","EURO",0.00501467236585401,0.00458063910511801,0.00547586218822877
"228","DEU","25-54","0-9","EURO",0.0283570904766045,0.0194650196691587,0.0463138373258588
"229","DEU","55-64","0-9","EURO",0.0793891368236292,0.0449036785207322,0.174527944749036
"230","DEU","65+","0-9","EURO",0.215888704794744,0.0937074835422447,0.526352447741396
"231","DJI","0-14","200+","EMRO",0.0929518545276892,0.0829569649236342,0.103607314742068
"232","DJI","15-24","200+","EMRO",0.156346382948199,0.143579967438496,0.170994142157429
"233","DJI","25-54","200+","EMRO",0.410903763168571,0.328531508058166,0.528286578758661
"234","DJI","55-64","200+","EMRO",0.551859011777134,0.354497279049459,0.814415700241187
"235","DJI","65+","200+","EMRO",0.719953785254158,0.459052249307899,0.941783076027544
"236","DMA","0-14","0-9","AMRO",0.00267081858962911,0.00239451805716211,0.00304044824635427
"237","DMA","15-24","0-9","AMRO",0.0057999065779395,0.00528425165784955,0.006345359581312
"238","DMA","25-54","0-9","AMRO",0.0920049733617987,0.0164903304944355,0.419784514132578
"239","DMA","55-64","0-9","AMRO",0.559120464753141,0.0474605530781045,0.998810535187266
"240","DMA","65+","0-9","AMRO",0.924582372349889,0.126687981700339,0.999999995487501
"241","DNK","0-14","0-9","EURO",0.00173786354902906,0.00152897533554891,0.00197061146516603
"242","DNK","15-24","0-9","EURO",0.00470161985964218,0.00430014641971916,0.00513670093664112
"243","DNK","25-54","0-9","EURO",0.0140955000744603,0.0103516892368379,0.0222648116189441
"244","DNK","55-64","0-9","EURO",0.028960640906455,0.0163829487011375,0.0587582333617484
"245","DNK","65+","0-9","EURO",0.0534497167763719,0.0230300066177913,0.146799165032824
"246","DOM","0-14","50-99","AMRO",0.0126154758492965,0.0113501359640152,0.0139800501145127
"247","DOM","15-24","50-99","AMRO",0.0410323345664179,0.0377178888602336,0.0446286914218865
"248","DOM","25-54","50-99","AMRO",0.223741718934892,0.150707182592504,0.348725281165242
"249","DOM","55-64","50-99","AMRO",0.553009430380678,0.30284478710595,0.854501832327261
"250","DOM","65+","50-99","AMRO",0.844386080814723,0.452173044718316,0.982354376516092
"251","DZA","0-14","50-99","AFR-Low",0.0133862351619061,0.0119544254178657,0.0148944770314519
"252","DZA","15-24","50-99","AFR-Low",0.0297296003739025,0.0274266330915729,0.0322801648788923
"253","DZA","25-54","50-99","AFR-Low",0.139551906058761,0.121072402093405,0.168073676455284
"254","DZA","55-64","50-99","AFR-Low",0.341896371691142,0.275654687547825,0.432186028207515
"255","DZA","65+","50-99","AFR-Low",0.553504173829953,0.459797042705387,0.653814045836147
"256","ECU","0-14","30-49","AMRO",0.00977363135129673,0.00860947053526063,0.011160176712977
"257","ECU","15-24","30-49","AMRO",0.0329486799654727,0.0299698741761876,0.0360736622378875
"258","ECU","25-54","30-49","AMRO",0.151565491862267,0.10129629277159,0.232971673445575
"259","ECU","55-64","30-49","AMRO",0.342253814806229,0.187516400494563,0.632141032399085
"260","ECU","65+","30-49","AMRO",0.547209201368433,0.257105055521475,0.894490994691658
"261","EGY","0-14","10-29","EMRO",0.00398225668087546,0.00358467180324396,0.00445776801393474
"262","EGY","15-24","10-29","EMRO",0.0118558947451741,0.0109294321210843,0.0129336844717026
"263","EGY","25-54","10-29","EMRO",0.0697216691624201,0.0479853772644267,0.122094537744199
"264","EGY","55-64","10-29","EMRO",0.177180540208178,0.0845145181149225,0.406097302120046
"265","EGY","65+","10-29","EMRO",0.363592773254684,0.131341620859974,0.759284214206292
"266","ERI","0-14","100-199","AFR-Low",0.0176865562417563,0.0158692082475422,0.0200560959103591
"267","ERI","15-24","100-199","AFR-Low",0.0682801139979953,0.0629764237525053,0.074542088572929
"268","ERI","25-54","100-199","AFR-Low",0.234361591138202,0.171061417243863,0.344890417392601
"269","ERI","55-64","100-199","AFR-Low",0.470639050380109,0.272593074882565,0.753183647984305
"270","ERI","65+","100-199","AFR-Low",0.717984625708749,0.398980152606675,0.958304442918187
"271","ESP","0-14","10-29","EURO",0.00295551698000888,0.0026270170572606,0.00332623159700148
"272","ESP","15-24","10-29","EURO",0.00839642869450732,0.00774856341287483,0.00917222632451152
"273","ESP","25-54","10-29","EURO",0.0303795568314811,0.020361489474204,0.0466976016602835
"274","ESP","55-64","10-29","EURO",0.0617915709098965,0.0286797076220288,0.127076630331449
"275","ESP","65+","10-29","EURO",0.116401042243217,0.0430504299360937,0.322076910050528
"276","EST","0-14","10-29","EURO",0.00532797530176233,0.00473266900615562,0.00595018271957129
"277","EST","15-24","10-29","EURO",0.0124067530275547,0.0111319986100997,0.0136696571491729
"278","EST","25-54","10-29","EURO",0.0522301317171101,0.0378427354766056,0.0780466917588972
"279","EST","55-64","10-29","EURO",0.120090527486374,0.0608846296493206,0.2426415026609
"280","EST","65+","10-29","EURO",0.165787918781637,0.0672180213201674,0.423622061149979
"281","ETH","0-14","100-199","AFR-High",0.0263990724683915,0.0239774621715009,0.0290753028748824
"282","ETH","15-24","100-199","AFR-High",0.0972469875302939,0.0909923668306878,0.103261677548135
"283","ETH","25-54","100-199","AFR-High",0.334696585088588,0.281405017889725,0.411863606282359
"284","ETH","55-64","100-199","AFR-High",0.669226318926691,0.49825881199402,0.858050164801162
"285","ETH","65+","100-199","AFR-High",0.87406404131636,0.685352050774598,0.973489487292943
"286","FIN","0-14","0-9","EURO",0.00157573668650705,0.00139291004261568,0.00177608482802473
"287","FIN","15-24","0-9","EURO",0.00467676575980128,0.00428413954594545,0.00511112493528567
"288","FIN","25-54","0-9","EURO",0.0227375831687185,0.0139412198715497,0.0408839996734415
"289","FIN","55-64","0-9","EURO",0.061809104469434,0.0264347358385569,0.141760155869485
"290","FIN","65+","0-9","EURO",0.175515777698962,0.0438754735057061,0.442360636098884
"291","FJI","0-14","30-49","WPRO",0.00998770724660931,0.00889249967680806,0.0112321707856195
"292","FJI","15-24","30-49","WPRO",0.0281460879263363,0.0258155240469933,0.0305122158799741
"293","FJI","25-54","30-49","WPRO",0.0926017894097726,0.0580241755994692,0.148679184736762
"294","FJI","55-64","30-49","WPRO",0.188990060276419,0.0850474419840319,0.348402774879555
"295","FJI","65+","30-49","WPRO",0.350927614837543,0.119695622604178,0.673167811016101
"296","FRA","0-14","0-9","EURO",0.00222553099270291,0.0019876911491266,0.00248628681863765
"297","FRA","15-24","0-9","EURO",0.00616254107749504,0.00568647878107136,0.00671844809348694
"298","FRA","25-54","0-9","EURO",0.0296656378871054,0.0202488278461165,0.0505744495819314
"299","FRA","55-64","0-9","EURO",0.0655876737157124,0.032802516301387,0.161902798514652
"300","FRA","65+","0-9","EURO",0.15225506450099,0.0578033954015432,0.426262466700635
"301","GAB","0-14","200+","AFR-High",0.0642209775133144,0.057538533382619,0.0711477537892284
"302","GAB","15-24","200+","AFR-High",0.160039110054762,0.147664927258965,0.175361967698192
"303","GAB","25-54","200+","AFR-High",0.337613893997157,0.280430314012552,0.412444774321298
"304","GAB","55-64","200+","AFR-High",0.405445517342524,0.279578553909073,0.580383085990077
"305","GAB","65+","200+","AFR-High",0.436353941005458,0.279905741792997,0.653014474849214
"306","GBR","0-14","0-9","EURO",0.00251352023424734,0.00221996859785457,0.00283011645722936
"307","GBR","15-24","0-9","EURO",0.00564572689433704,0.00515417458480285,0.00615337582754548
"308","GBR","25-54","0-9","EURO",0.0137251467532048,0.0104915989009326,0.0195902711962532
"309","GBR","55-64","0-9","EURO",0.022993977249332,0.0147131397383886,0.0436174582893036
"310","GBR","65+","0-9","EURO",0.0367682061683732,0.0194294121357643,0.0957218977741121
"311","GEO","0-14","50-99","EURO",0.0198603536648076,0.0175885998801871,0.0225070011487457
"312","GEO","15-24","50-99","EURO",0.0860513745645921,0.0785188739006704,0.0935864239627057
"313","GEO","25-54","50-99","EURO",0.509814250237459,0.380327112696808,0.613902859361833
"314","GEO","55-64","50-99","EURO",0.949306325220641,0.774451350676543,0.99575254736762
"315","GEO","65+","50-99","EURO",0.987706825627037,0.934936933060055,0.997703714724965
"316","GHA","0-14","100-199","AFR-Low",0.0360591909825101,0.032241287769641,0.0410153243981507
"317","GHA","15-24","100-199","AFR-Low",0.100542940715855,0.0923142683841401,0.110411743129691
"318","GHA","25-54","100-199","AFR-Low",0.307832253565788,0.221044132214117,0.43207007988496
"319","GHA","55-64","100-199","AFR-Low",0.585784551834938,0.317957067722499,0.833101770807438
"320","GHA","65+","100-199","AFR-Low",0.721813807574705,0.380889205587235,0.917847687952968
"321","GIN","0-14","100-199","AFR-Low",0.02208794490545,0.0197031954273863,0.0249649581874434
"322","GIN","15-24","100-199","AFR-Low",0.0714667088834062,0.0654113506110428,0.0780361096406985
"323","GIN","25-54","100-199","AFR-Low",0.305188560598078,0.223141665506492,0.423187135422436
"324","GIN","55-64","100-199","AFR-Low",0.589723540669283,0.342146839984338,0.87406959766318
"325","GIN","65+","100-199","AFR-Low",0.691048119876124,0.363485574784,0.947992017876073
"326","GMB","0-14","100-199","AFR-Low",0.0165831884889614,0.0150125905816569,0.0182097110295702
"327","GMB","15-24","100-199","AFR-Low",0.0443747443319001,0.0414069488188115,0.0475676674765808
"328","GMB","25-54","100-199","AFR-Low",0.170893632071716,0.139691016439441,0.207744244157455
"329","GMB","55-64","100-199","AFR-Low",0.317924502675971,0.209383049143663,0.450548893914378
"330","GMB","65+","100-199","AFR-Low",0.366004042715074,0.190304133698686,0.598902101066997
"331","GNB","15-24","200+","AFR-Low",0.100313390467197,0.0921368025295451,0.109288937579097
"332","GNB","25-54","200+","AFR-Low",0.308123988872273,0.238891012947491,0.424725764727119
"333","GNB","55-64","200+","AFR-Low",0.344811848958354,0.172707258813333,0.622543115544444
"334","GNB","65+","200+","AFR-Low",0.661250899822144,0.446563836320849,0.931362516425085
"335","GNQ","15-24","100-199","AFR-Low",0.0278384568098275,0.02522227755943,0.0305845683040282
"336","GNQ","25-54","100-199","AFR-Low",0.0857890471953275,0.0632379058775041,0.122650084066362
"337","GRC","0-14","0-9","EURO",0.00150872430463097,0.00133345670263911,0.0017027872346252
"338","GRC","15-24","0-9","EURO",0.00412793978174247,0.00379797956113336,0.00447273414330482
"339","GRC","25-54","0-9","EURO",0.0154181901582815,0.0109882576459994,0.0237544118091538
"340","GRC","55-64","0-9","EURO",0.0339040405375535,0.0189286685252979,0.0685532092096002
"341","GRC","65+","0-9","EURO",0.0723513210145955,0.0293734122120133,0.201181001668649
"342","GRD","0-14","0-9","AMRO",0.00111361934312778,0.000967334301715446,0.00128679881836805
"343","GRD","15-24","0-9","AMRO",0.00219769917809765,0.00198337741248115,0.0024257580034384
"344","GRD","25-54","0-9","AMRO",0.00555496574921014,0.00479760085762203,0.00673197460276248
"345","GRD","55-64","0-9","AMRO",0.010016899745477,0.00761674089395781,0.0156932764516112
"346","GRD","65+","0-9","AMRO",0.0205046684333578,0.0126153501501478,0.0510095477940521
"347","GRL","25-54","100-199","AMRO",0.160667846120025,0.125709190208115,0.22567019774254
"348","GRL","55-64","100-199","AMRO",0.175281688844765,0.0772711776842552,0.364006436580033
"349","GRL","65+","100-199","AMRO",0.204525292611157,0.074253222349534,0.523942953233609
"350","GTM","0-14","10-29","AMRO",0.0126597883995678,0.0113159980249057,0.0143692711199055
"351","GTM","15-24","10-29","AMRO",0.0254967677081938,0.0231770254355512,0.0281759274274618
"352","GTM","25-54","10-29","AMRO",0.094746789089958,0.0602457287563134,0.153549484260657
"353","GTM","55-64","10-29","AMRO",0.202017491456618,0.0986414456334337,0.400898429755785
"354","GTM","65+","10-29","AMRO",0.302306824734474,0.128899805009333,0.689901807516105
"355","GUM","25-54","50-99","WPRO",0.0544858674583125,0.0430373152768096,0.0838286716238067
"356","GUM","65+","50-99","WPRO",0.115797800440419,0.0590394639929921,0.374073903533886
"357","GUY","0-14","50-99","AMRO",0.0128064402490614,0.0113848751613733,0.0143816388350397
"358","GUY","15-24","50-99","AMRO",0.034566010357322,0.0318470642988081,0.0376707233043684
"359","GUY","25-54","50-99","AMRO",0.104864009255477,0.0692697174697707,0.171521401721523
"360","GUY","55-64","50-99","AMRO",0.194985894333247,0.0961051634496399,0.42372910252449
"361","GUY","65+","50-99","AMRO",0.299610330604953,0.126889533195194,0.706980728818581
"362","HND","0-14","30-49","AMRO",0.00871136098894194,0.00782605102940249,0.00970005880407854
"363","HND","15-24","30-49","AMRO",0.0358960991919478,0.0331303560874444,0.0388759340477551
"364","HND","25-54","30-49","AMRO",0.175787230577484,0.112059530331417,0.288019045934256
"365","HND","55-64","30-49","AMRO",0.480168809802506,0.251421012607429,0.781201608747267
"366","HND","65+","30-49","AMRO",0.801412722232245,0.456799925800499,0.968806667687302
"367","HRV","0-14","10-29","EURO",0.00405587064209639,0.00358188101176018,0.00459667935483461
"368","HRV","15-24","10-29","EURO",0.00997422246275215,0.0090212966478363,0.0110910360525997
"369","HRV","25-54","10-29","EURO",0.0835928868860881,0.0490415222688002,0.158954089252051
"370","HRV","55-64","10-29","EURO",0.243827054070117,0.103623968225939,0.534827599915222
"371","HRV","65+","10-29","EURO",0.518398228038702,0.196138870555581,0.875709884057404
"372","HTI","0-14","100-199","AMRO",0.0317373867005744,0.0282493426322168,0.0359800852901734
"373","HTI","15-24","100-199","AMRO",0.0902628258018945,0.0825969037143836,0.0985441573436208
"374","HTI","25-54","100-199","AMRO",0.240626379712371,0.173935146549736,0.34872866317487
"375","HTI","55-64","100-199","AMRO",0.38598255316917,0.19173490871613,0.661077249614695
"376","HTI","65+","100-199","AMRO",0.512021614677915,0.198594858114995,0.843824837258113
"377","HUN","0-14","0-9","EURO",0.00322593175174128,0.00288343239918102,0.00369987583611595
"378","HUN","15-24","0-9","EURO",0.0126072339359348,0.0114129012519269,0.0138882897648011
"379","HUN","25-54","0-9","EURO",0.066960456780206,0.0418230326332537,0.117832992945461
"380","HUN","55-64","0-9","EURO",0.173272260387572,0.0743677057139246,0.407935975254721
"381","HUN","65+","0-9","EURO",0.399078784742129,0.140584743352153,0.772987785007212
"382","IDN","0-14","200+","SEARO",0.0670703557892624,0.0611893850814115,0.0739666533328247
"383","IDN","15-24","200+","SEARO",0.164964407450416,0.153995040190743,0.176254308554874
"384","IDN","25-54","200+","SEARO",0.464376750057294,0.445855288844975,0.484598719964333
"385","IDN","55-64","200+","SEARO",0.552545276052611,0.495894568651751,0.624677895676838
"386","IDN","65+","200+","SEARO",0.636056298385008,0.515249796875601,0.767889009250211
"387","IND","0-14","200+","SEARO",0.0324590468571734,0.0296968844333121,0.0353514346221722
"388","IND","15-24","200+","SEARO",0.101340576233464,0.095824344275596,0.107178260321752
"389","IND","25-54","200+","SEARO",0.26199699490071,0.242552865671988,0.290326998937528
"390","IND","55-64","200+","SEARO",0.364297907211157,0.336272630768674,0.407185519812394
"391","IND","65+","200+","SEARO",0.49973965361458,0.420308166773931,0.59518475601646
"392","IRL","0-14","0-9","EURO",0.00202881024994584,0.00179989892889899,0.00229323146341404
"393","IRL","15-24","0-9","EURO",0.00581828143025812,0.00536006714861241,0.00634151229646278
"394","IRL","25-54","0-9","EURO",0.0262473485880801,0.0179863784631179,0.0464341033323626
"395","IRL","55-64","0-9","EURO",0.0597481743713309,0.02940259447904,0.146339857416284
"396","IRL","65+","0-9","EURO",0.139774413449258,0.0495095244529304,0.407372991763678
"397","IRN","0-14","10-29","EMRO",0.00418712007294668,0.00376022268304284,0.00468986169643203
"398","IRN","15-24","10-29","EMRO",0.0114287124909657,0.0106084104714406,0.0123650950801021
"399","IRN","25-54","10-29","EMRO",0.0445852113241496,0.0308524536892241,0.0744424567951937
"400","IRN","55-64","10-29","EMRO",0.0929903376704549,0.0442800944228925,0.204906205837207
"401","IRN","65+","10-29","EMRO",0.154508745373665,0.0572196440295957,0.445720193440421
"402","IRQ","0-14","30-49","EMRO",0.00806611867170573,0.00714437770378251,0.00910122485736442
"403","IRQ","15-24","30-49","EMRO",0.0193815139716676,0.0178015370222544,0.0211344822756726
"404","IRQ","25-54","30-49","EMRO",0.0474237714457421,0.0363600203998862,0.0660295523164178
"405","IRQ","55-64","30-49","EMRO",0.0771623037693385,0.0465879632027006,0.136409782184067
"406","IRQ","65+","30-49","EMRO",0.100090208740054,0.0502729498223333,0.221465007754646
"407","ISL","0-14","0-9","EURO",0.00116424662550773,0.00101962489320048,0.0013252281032265
"408","ISL","15-24","0-9","EURO",0.00294525215666941,0.00270172276431928,0.00320902489262467
"409","ISL","25-54","0-9","EURO",0.0115320048401202,0.00841208654226228,0.0177419933421327
"410","ISL","55-64","0-9","EURO",0.0275972887819647,0.0158512410718333,0.0583085485639131
"411","ISL","65+","0-9","EURO",0.0599211860833941,0.0287162352952196,0.158952075919049
"412","ISR","0-14","0-9","EURO",0.00151367939845553,0.00132632317898855,0.00171695430419358
"413","ISR","15-24","0-9","EURO",0.00411437182919387,0.00378817474870873,0.00446810855587701
"414","ISR","25-54","0-9","EURO",0.013336353814329,0.0103720556686696,0.0196641918634563
"415","ISR","55-64","0-9","EURO",0.0289490628969042,0.018004386501572,0.0548740191499327
"416","ISR","65+","0-9","EURO",0.0540211851282022,0.0278100010639113,0.136645178499899
"417","ITA","0-14","0-9","EURO",0.00170776543168991,0.00150557643301381,0.00192154170511435
"418","ITA","15-24","0-9","EURO",0.00449486121806236,0.00415321455548434,0.00488008113715847
"419","ITA","25-54","0-9","EURO",0.013949971507164,0.0103017599434828,0.0218253042935202
"420","ITA","55-64","0-9","EURO",0.0270450990551642,0.0168017722484905,0.0570213193808883
"421","ITA","65+","0-9","EURO",0.0481083685612005,0.0237857935770071,0.140655207915983
"422","JAM","0-14","0-9","AMRO",0.00138896472541814,0.00123860032084207,0.00157486376337546
"423","JAM","15-24","0-9","AMRO",0.00350982455888657,0.00323077384652661,0.00383232004909798
"424","JAM","25-54","0-9","AMRO",0.0106274100689109,0.00856898657864517,0.0155387113208747
"425","JAM","55-64","0-9","AMRO",0.0209838622297024,0.0137300107374964,0.0407186517503305
"426","JAM","65+","0-9","AMRO",0.0401525340586754,0.0195355671810067,0.105921606034393
"427","JOR","0-14","0-9","EMRO",0.00155025365142049,0.00137053722932728,0.0017394767238047
"428","JOR","15-24","0-9","EMRO",0.00433051936982471,0.00396232878982108,0.0047157591942204
"429","JOR","25-54","0-9","EMRO",0.0169309893107707,0.0119258808989979,0.0305743331149824
"430","JOR","55-64","0-9","EMRO",0.0414873446514956,0.0205315217968592,0.114410519485017
"431","JOR","65+","0-9","EMRO",0.0944850117973845,0.0307254774262332,0.318057657961794
"432","JPN","0-14","10-29","WPRO",0.00356400674588277,0.00315597344355613,0.00402685960798192
"433","JPN","15-24","10-29","WPRO",0.0104901580906526,0.00962863448266815,0.0115527816859175
"434","JPN","25-54","10-29","WPRO",0.0654462780038789,0.0396787318884715,0.109969844001069
"435","JPN","55-64","10-29","WPRO",0.150070381908274,0.0604309145323653,0.365432613303611
"436","JPN","65+","10-29","WPRO",0.271972067577558,0.0834703355056822,0.726352180901258
"437","KAZ","0-14","50-99","EURO",0.0178490985233501,0.0154979356016537,0.0207432716052566
"438","KAZ","15-24","50-99","EURO",0.0441951499929175,0.0394658530699609,0.0499344077235493
"439","KAZ","25-54","50-99","EURO",0.0967749310923337,0.078474871849333,0.126563489787857
"440","KAZ","55-64","50-99","EURO",0.129900435778224,0.0869958418132085,0.215487255283218
"441","KAZ","65+","50-99","EURO",0.157809108625978,0.0962369898998672,0.286499545165604
"442","KEN","0-14","200+","AFR-High",0.0290487430718777,0.0265252323863358,0.0321084425276887
"443","KEN","15-24","200+","AFR-High",0.0567169515278987,0.0530045089606868,0.0610092034528964
"444","KEN","25-54","200+","AFR-High",0.0978886356818613,0.0811169910543698,0.130403139781987
"445","KEN","55-64","200+","AFR-High",0.111592775034852,0.0735499033768593,0.196150815126482
"446","KEN","65+","200+","AFR-High",0.12768995713506,0.0729047308436002,0.290423095380103
"447","KGZ","0-14","100-199","EURO",0.0249805722907969,0.0221893830328611,0.0282332400714488
"448","KGZ","15-24","100-199","EURO",0.0826141450883332,0.074704778306801,0.0901722712298739
"449","KGZ","25-54","100-199","EURO",0.221273636183368,0.176562314103025,0.286139244302994
"450","KGZ","55-64","100-199","EURO",0.356192345594616,0.211132487518481,0.539661281103086
"451","KGZ","65+","100-199","EURO",0.41562064089013,0.204369058861494,0.713745316395791
"452","KHM","0-14","200+","WPRO",0.0835962642315318,0.0758944116735759,0.0918709602235849
"453","KHM","15-24","200+","WPRO",0.263877828086446,0.248242223839255,0.279255872068343
"454","KHM","25-54","200+","WPRO",0.61797424275932,0.462330646410213,0.732522918845819
"455","KHM","55-64","200+","WPRO",0.93863084509764,0.71404929610175,0.978166920465843
"456","KHM","65+","200+","WPRO",0.980327546476211,0.854482519399188,0.995176427939939
"457","KIR","25-54","200+","WPRO",0.279057612103209,0.242965542716305,0.338728447206988
"458","KIR","55-64","200+","WPRO",0.151948755678799,0.0705369835887287,0.311372827903669
"459","KNA","0-14","0-9","AMRO",0.00142003356903707,0.00124174614145988,0.00162031119181887
"460","KNA","15-24","0-9","AMRO",0.00383715544222087,0.00354193047935322,0.00416578501513464
"461","KNA","25-54","0-9","AMRO",0.00934584677688291,0.00757900071536601,0.0128051768862467
"462","KNA","55-64","0-9","AMRO",0.0158927791720657,0.0110406107971446,0.0292794834710544
"463","KNA","65+","0-9","AMRO",0.0256066048593385,0.0152818204641269,0.0660681416713972
"464","KOR","0-14","50-99","WPRO",0.0130392505690439,0.0115910371952578,0.0147281648314205
"465","KOR","15-24","50-99","WPRO",0.0316968880507772,0.0289407103349327,0.0347560908582607
"466","KOR","25-54","50-99","WPRO",0.258769289996978,0.233076297336415,0.288057033522608
"467","KOR","55-64","50-99","WPRO",0.658241203333553,0.578787377252687,0.747817437239766
"468","KOR","65+","50-99","WPRO",0.872519933308485,0.778360785566005,0.935715593962784
"469","KWT","0-14","10-29","EMRO",0.00463928288706821,0.00410085577209233,0.00522977795782456
"470","KWT","15-24","10-29","EMRO",0.0104441536338828,0.00958988316870672,0.011378748989815
"471","KWT","25-54","10-29","EMRO",0.0393807411704305,0.0348096313536821,0.0456129033326492
"472","KWT","55-64","10-29","EMRO",0.0930640428378052,0.0712223498661223,0.122543950491721
"473","KWT","65+","10-29","EMRO",0.162137567559929,0.109521126297591,0.260039981175786
"474","LAO","0-14","100-199","WPRO",0.0463795038906605,0.0414555225027966,0.0515052392384935
"475","LAO","15-24","100-199","WPRO",0.159115941821867,0.146703582655554,0.171888624616737
"476","LAO","25-54","100-199","WPRO",0.414740824294678,0.261625583732159,0.596283564806832
"477","LAO","55-64","100-199","WPRO",0.806580901024949,0.521032769068071,0.946729712356984
"478","LAO","65+","100-199","WPRO",0.939812136995878,0.75592617601105,0.990224656509371
"479","LBN","0-14","10-29","EMRO",0.0024312537418509,0.00213287514576081,0.00276103222560192
"480","LBN","15-24","10-29","EMRO",0.0063358612392514,0.00580289825048842,0.00697518233272791
"481","LBN","25-54","10-29","EMRO",0.0294707616198831,0.0191009426766809,0.0481573530444608
"482","LBN","55-64","10-29","EMRO",0.0662523831270076,0.03184708979265,0.155022856801867
"483","LBN","65+","10-29","EMRO",0.126296248820062,0.0492180552460964,0.364782028545695
"484","LBR","0-14","200+","AFR-Low",0.0368074917350223,0.0326230997172446,0.0416270990263106
"485","LBR","15-24","200+","AFR-Low",0.102861546873353,0.0949433572150901,0.111738657144765
"486","LBR","25-54","200+","AFR-Low",0.25403324571468,0.197502838600659,0.335435098945619
"487","LBR","55-64","200+","AFR-Low",0.396921402594684,0.251987951448895,0.611208168811185
"488","LBR","65+","200+","AFR-Low",0.405979032324186,0.212428259444153,0.678337436712114
"489","LBY","0-14","30-49","EMRO",0.00681583059244573,0.00602006865774739,0.00770616961396046
"490","LBY","15-24","30-49","EMRO",0.0152064649656616,0.0138693516693292,0.0165552650016004
"491","LBY","25-54","30-49","EMRO",0.0918488218053955,0.0733245472418388,0.114524786412478
"492","LBY","55-64","30-49","EMRO",0.2492097432482,0.184376842260929,0.331233711764958
"493","LBY","65+","30-49","EMRO",0.422300948199312,0.285932790439293,0.583067596006363
"494","LCA","0-14","0-9","AMRO",0.00195607189494578,0.00173273490555063,0.00220105432478135
"495","LCA","15-24","0-9","AMRO",0.00649669455715709,0.00596191831326144,0.00707295751131865
"496","LCA","25-54","0-9","AMRO",0.029862372024788,0.020387534970792,0.0533069158599152
"497","LCA","55-64","0-9","AMRO",0.075494672000061,0.0357188550556257,0.17907082861412
"498","LCA","65+","0-9","AMRO",0.172629924672562,0.0654662650005841,0.473804306175358
"499","LKA","0-14","50-99","SEARO",0.00953102437877648,0.00847550169027524,0.0107060296791585
"500","LKA","15-24","50-99","SEARO",0.0242009744525567,0.0222365852574261,0.0263466250753906
"501","LKA","25-54","50-99","SEARO",0.0779713204209255,0.055369721133638,0.115993099694299
"502","LKA","55-64","50-99","SEARO",0.146361860741417,0.0785269927812552,0.279735039769856
"503","LKA","65+","50-99","SEARO",0.216644104117934,0.0986932532744026,0.458454485896608
"504","LSO","0-14","200+","AFR-High",0.0430269456992002,0.0375310856733943,0.0484148559426047
"505","LSO","15-24","200+","AFR-High",0.14252848533735,0.132010614170052,0.152954825648945
"506","LSO","25-54","200+","AFR-High",0.285310366233128,0.243141618895199,0.338164579351516
"507","LSO","55-64","200+","AFR-High",0.529417372247576,0.451028286296645,0.615875695236668
"508","LTU","0-14","50-99","EURO",0.00890291074582747,0.00778795368029961,0.0100619557357939
"509","LTU","15-24","50-99","EURO",0.0296323338717532,0.0269173204130941,0.0325323911481783
"510","LTU","25-54","50-99","EURO",0.0870839774917588,0.0691739125260878,0.121211908510431
"511","LTU","55-64","50-99","EURO",0.136419516582872,0.0874259126406679,0.258158749990206
"512","LTU","65+","50-99","EURO",0.151070708709378,0.0663526196328799,0.326310994058591
"513","LUX","0-14","0-9","EURO",0.00172818941607969,0.0015434315528738,0.00194310900898603
"514","LUX","15-24","0-9","EURO",0.00460176884659987,0.00423366082178147,0.00497443027824516
"515","LUX","25-54","0-9","EURO",0.0163875709478058,0.0121835347160564,0.0264824938060175
"516","LUX","55-64","0-9","EURO",0.0342745468291168,0.0196810013626825,0.0716636561078756
"517","LUX","65+","0-9","EURO",0.0686545348344795,0.0311858818324837,0.18715024658967
"518","LVA","0-14","30-49","EURO",0.00857790222888528,0.00753342894353099,0.00963876351343621
"519","LVA","15-24","30-49","EURO",0.0293563295664438,0.0265390250669277,0.03224179191526
"520","LVA","25-54","30-49","EURO",0.179755713053675,0.118604069487268,0.263887191983478
"521","LVA","55-64","30-49","EURO",0.478906944099688,0.229032273525308,0.757211994857621
"522","LVA","65+","30-49","EURO",0.649015648176498,0.261911655344731,0.897893418514932
"523","MAR","0-14","100-199","EMRO",0.0125852343138343,0.0110988463486743,0.0144035811360631
"524","MAR","15-24","100-199","EMRO",0.0389958277284652,0.0355658419836111,0.0430347327660167
"525","MAR","25-54","100-199","EMRO",0.160047776911646,0.1200870644117,0.23352014780047
"526","MAR","55-64","100-199","EMRO",0.249229880071644,0.135154796785247,0.489657816191055
"527","MAR","65+","100-199","EMRO",0.347316789900389,0.154489426977292,0.731014667625225
"528","MCO","0-14","0-9","EURO",0.000663851795185873,0.000568255828368898,0.000767325741143336
"529","MCO","15-24","0-9","EURO",0.00197915455076526,0.0017718324144362,0.00221040252444963
"530","MCO","25-54","0-9","EURO",0.00492812676578143,0.00398086572708312,0.006423017437654
"531","MCO","55-64","0-9","EURO",0.013830354750773,0.00896632119383709,0.0262263826961562
"532","MCO","65+","0-9","EURO",0.0344770068428909,0.0189410239446733,0.0898762925355118
"533","MDA","0-14","100-199","EURO",0.0269926994022423,0.0239647907450784,0.0304294640892409
"534","MDA","15-24","100-199","EURO",0.0650541874243975,0.0602469807885213,0.0706436720687406
"535","MDA","25-54","100-199","EURO",0.130851382722641,0.114711845888427,0.166665262639
"536","MDA","55-64","100-199","EURO",0.130077355632685,0.095824931453843,0.235092185034711
"537","MDA","65+","100-199","EURO",0.135833995694449,0.0951197538920137,0.300154913231716
"538","MDG","0-14","200+","AFR-Low",0.0482391689603224,0.0431898146774657,0.0544815106831157
"539","MDG","15-24","200+","AFR-Low",0.149303292736417,0.138077235150762,0.161035605791827
"540","MDG","25-54","200+","AFR-Low",0.495123786648064,0.35218242809401,0.61855317684812
"541","MDG","55-64","200+","AFR-Low",0.799137359491931,0.436975358971633,0.946226843337076
"542","MDG","65+","200+","AFR-Low",0.906357637279181,0.534623744524291,0.982015735567139
"543","MDV","0-14","30-49","SEARO",0.00517636314800174,0.00462816527138004,0.00574201634018402
"544","MDV","15-24","30-49","SEARO",0.0172027104269442,0.01556526984731,0.0188995925637013
"545","MDV","25-54","30-49","SEARO",0.246851758571105,0.165826697919355,0.372015622783254
"546","MDV","65+","30-49","SEARO",0.837416717292484,0.501296903900387,0.969755043293491
"547","MEX","0-14","10-29","AMRO",0.00354264320882333,0.00318423598398398,0.00393417742869422
"548","MEX","15-24","10-29","AMRO",0.0112504117884228,0.0104543973401788,0.012266211076624
"549","MEX","25-54","10-29","AMRO",0.098233449704428,0.0621567207445102,0.157062499191955
"550","MEX","55-64","10-29","AMRO",0.292907658776987,0.126332432478029,0.580656029995183
"551","MEX","65+","10-29","AMRO",0.595494374076754,0.233794782377902,0.909103296726854
"552","MHL","25-54","200+","WPRO",0.0274368127883759,0.0172880725897209,0.0428911391492274
"553","MKD","0-14","10-29","EURO",0.00372677554966598,0.00329103436366372,0.00421808168389119
"554","MKD","15-24","10-29","EURO",0.011157302449394,0.0101218123765178,0.0122502119107391
"555","MKD","25-54","10-29","EURO",0.0536235296302739,0.0345985919804563,0.0895854673377173
"556","MKD","55-64","10-29","EURO",0.122102278035993,0.0537502283008879,0.261976874251529
"557","MKD","65+","10-29","EURO",0.241135317286005,0.0904585438572099,0.591006951927225
"558","MLI","0-14","50-99","AFR-Low",0.011600657506015,0.0104861095943128,0.0129886968093442
"559","MLI","15-24","50-99","AFR-Low",0.0363312827257995,0.0336293943505446,0.0393045324787321
"560","MLI","25-54","50-99","AFR-Low",0.123970500297683,0.0909795870146845,0.174441492177288
"561","MLI","55-64","50-99","AFR-Low",0.238017060897491,0.135990996558162,0.457748657161552
"562","MLI","65+","50-99","AFR-Low",0.361444328857874,0.158479139353563,0.763565586551879
"563","MLT","0-14","10-29","EURO",0.00194855502985256,0.00172881444199167,0.00220987192556271
"564","MLT","15-24","10-29","EURO",0.00395610568329072,0.00361817289041515,0.0043116733828077
"565","MLT","25-54","10-29","EURO",0.0106315546593711,0.00838197140877586,0.0147451513564388
"566","MLT","55-64","10-29","EURO",0.0188887464179108,0.012938122723218,0.0335987688302279
"567","MLT","65+","10-29","EURO",0.0286553327891844,0.0171848881793779,0.0698507553595394
"568","MMR","0-14","200+","SEARO",0.0567927458988745,0.0510993955873046,0.063692013001446
"569","MMR","15-24","200+","SEARO",0.178825118634101,0.165289124683095,0.193299843669025
"570","MMR","25-54","200+","SEARO",0.488740354559843,0.417050390967222,0.59609309165696
"571","MMR","55-64","200+","SEARO",0.70897258289236,0.518045754365434,0.904655709852495
"572","MMR","65+","200+","SEARO",0.836586579345909,0.570291983024725,0.956948696193788
"573","MNE","0-14","10-29","EURO",0.00425644815082007,0.00375531368450338,0.00476981920405979
"574","MNE","15-24","10-29","EURO",0.0125459015094331,0.0115055932597531,0.0137334478362695
"575","MNE","25-54","10-29","EURO",0.127101393633131,0.0789133975153215,0.226617349389886
"576","MNE","55-64","10-29","EURO",0.394581704397834,0.185240894960313,0.761817691647271
"577","MNE","65+","10-29","EURO",0.716430374357655,0.317538521519714,0.946534800982348
"578","MNG","0-14","200+","WPRO",0.0301401016941105,0.0267264025529642,0.0337998029363632
"579","MNG","15-24","200+","WPRO",0.104158591302908,0.0962010722836361,0.113111660571373
"580","MNG","25-54","200+","WPRO",0.531120361549187,0.412954670199097,0.656386334434601
"581","MNG","55-64","200+","WPRO",0.935176897553344,0.754437283191956,0.999112429203215
"582","MNG","65+","200+","WPRO",0.995907158008315,0.928941664144821,0.999999963620413
"583","MOZ","0-14","200+","AFR-High",0.0454386320247096,0.0402025753157108,0.0513760337364526
"584","MOZ","25-54","200+","AFR-High",0.322131476804289,0.217571329605363,0.450430505511964
"585","MOZ","55-64","200+","AFR-High",0.633434975390045,0.354755962179629,0.854077010261084
"586","MOZ","65+","200+","AFR-High",0.775544724757197,0.424204672090296,0.931753298919771
"587","MRT","0-14","100-199","AFR-Low",0.0255829376019571,0.022836408732451,0.0287078923193069
"588","MRT","15-24","100-199","AFR-Low",0.101270617763321,0.0919879290369799,0.110669622339383
"589","MRT","25-54","100-199","AFR-Low",0.501836757691999,0.37313171813895,0.607287772210836
"590","MRT","55-64","100-199","AFR-Low",0.962140285492062,0.76569222271663,0.998730314060922
"591","MRT","65+","100-199","AFR-Low",0.935034720635562,0.709060202675064,0.984322647766191
"592","MSR","25-54","0-9","AMRO",0.0100791085288218,0.00815229721614438,0.0136631334388218
"593","MSR","55-64","0-9","AMRO",0.0167836065807343,0.0116060841466259,0.0294744574388538
"594","MSR","65+","0-9","AMRO",0.0287182192365729,0.0162235880812424,0.068205744110734
"595","MUS","0-14","10-29","AFR-Low",0.00489430242782527,0.00436637336582185,0.00550716475439943
"596","MUS","15-24","10-29","AFR-Low",0.013794377730741,0.0127009150247016,0.0148666985365693
"597","MUS","25-54","10-29","AFR-Low",0.0447534005149383,0.0336756644853124,0.0666421487331431
"598","MUS","55-64","10-29","AFR-Low",0.0736857950140721,0.0442325636243592,0.160584341616767
"599","MUS","65+","10-29","AFR-Low",0.110739050020436,0.0537946105597239,0.294816896058069
"600","MWI","0-14","100-199","AFR-High",0.0413312012005937,0.0362143056647708,0.0460687013433835
"601","MWI","15-24","100-199","AFR-High",0.102180700648613,0.0938304071614223,0.110604776581258
"602","MWI","25-54","100-199","AFR-High",0.188110454400823,0.146464400794265,0.263529466531807
"603","MWI","55-64","100-199","AFR-High",0.252794322918295,0.140909225906359,0.454017846562916
"604","MWI","65+","100-199","AFR-High",0.391695031524264,0.206672798461117,0.712902983890083
"605","MYS","0-14","50-99","WPRO",0.0111701531297482,0.0098520252349965,0.0126042669751198
"606","MYS","15-24","50-99","WPRO",0.0254889895746639,0.0231940556713116,0.0281000934038496
"607","MYS","25-54","50-99","WPRO",0.0590718524440914,0.0446150256291585,0.0825481022238495
"608","MYS","55-64","50-99","WPRO",0.0916118432137526,0.0561017501369757,0.157836757507303
"609","MYS","65+","50-99","WPRO",0.11561211212865,0.0606314758133244,0.243513014070871
"610","NAM","0-14","200+","AFR-High",0.101641324507332,0.0896818287549049,0.112318914701165
"611","NAM","15-24","200+","AFR-High",0.19651772516638,0.182230123152071,0.212614749307085
"612","NAM","25-54","200+","AFR-High",0.377789695501213,0.331994628112027,0.442662720220628
"613","NAM","55-64","200+","AFR-High",0.301830131828825,0.206042705822168,0.505849416275938
"614","NAM","65+","200+","AFR-High",0.18495840833322,0.0825308286104602,0.478142537751348
"615","NCL","0-14","10-29","WPRO",0.00369235715098912,0.00328381838729048,0.00420485431658906
"616","NCL","15-24","10-29","WPRO",0.014349609562628,0.0131474400702117,0.0156474184141637
"617","NCL","25-54","10-29","WPRO",0.119631156475211,0.0671172503768254,0.210239510876596
"618","NCL","55-64","10-29","WPRO",0.41812748287426,0.174464181104713,0.795681837425437
"619","NCL","65+","10-29","WPRO",0.78997137733519,0.351872502800461,0.965097016638175
"620","NER","0-14","50-99","AFR-Low",0.0220189875467796,0.0195918179762146,0.0247717046542884
"621","NER","15-24","50-99","AFR-Low",0.0843600501418309,0.0769038731366158,0.0921434892716589
"622","NER","25-54","50-99","AFR-Low",0.50546159721885,0.393535989874694,0.65205026093716
"623","NER","55-64","50-99","AFR-Low",0.966577299188266,0.768330741776055,0.999431759905916
"624","NGA","0-14","200+","AFR-High",0.0348335772822581,0.0316554596559746,0.0384287041560055
"625","NGA","15-24","200+","AFR-High",0.0881558966032288,0.0820040973425068,0.0947681126808799
"626","NGA","25-54","200+","AFR-High",0.238819847127453,0.194925884499711,0.314344168494016
"627","NGA","55-64","200+","AFR-High",0.32583528422711,0.206889215283947,0.540005210973419
"628","NGA","65+","200+","AFR-High",0.340992290609724,0.184646338237215,0.652128380162042
"629","NIC","0-14","30-49","AMRO",0.00351196283486008,0.00311985242089464,0.00396122914352211
"630","NIC","15-24","30-49","AMRO",0.00881168707929273,0.00809453519647316,0.00962859217027104
"631","NIC","25-54","30-49","AMRO",0.0313093259297222,0.018435298105485,0.0532537376509814
"632","NIC","55-64","30-49","AMRO",0.0798096569352532,0.0307636120575156,0.17615461291617
"633","NIC","65+","30-49","AMRO",0.135711649378297,0.0418469306009003,0.430111516248328
"634","NLD","0-14","0-9","EURO",0.00174519423017821,0.00154739786233039,0.00194771837946896
"635","NLD","15-24","0-9","EURO",0.00449156225716327,0.00411464767944465,0.00486128100869653
"636","NLD","25-54","0-9","EURO",0.017328829059898,0.011713068721864,0.027122338786614
"637","NLD","55-64","0-9","EURO",0.0415567158546557,0.020855661222885,0.083216849719307
"638","NLD","65+","0-9","EURO",0.0902648604530088,0.0335597258006929,0.235967768661262
"639","NOR","0-14","0-9","EURO",0.00179404069820576,0.00159038562484946,0.00203655454858572
"640","NOR","15-24","0-9","EURO",0.00390853571352344,0.00358146229330405,0.00426629408412101
"641","NOR","25-54","0-9","EURO",0.0106348858493638,0.00838073369296355,0.0149316428482606
"642","NOR","55-64","0-9","EURO",0.0214758167415415,0.0138763101550676,0.0406637781207464
"643","NOR","65+","0-9","EURO",0.0365753587024794,0.0194316268405331,0.0928121699610793
"644","NPL","0-14","200+","SEARO",0.0260712166530829,0.02306706753251,0.0292040000624218
"645","NPL","15-24","200+","SEARO",0.0750481957155553,0.0692194354415987,0.0819073393929143
"646","NPL","25-54","200+","SEARO",0.248461691644908,0.19488490865294,0.347805984271107
"647","NPL","55-64","200+","SEARO",0.436165106236045,0.275285784024356,0.714120339438713
"648","NPL","65+","200+","SEARO",0.58789975954602,0.335574112774534,0.90370693428965
"649","NRU","25-54","100-199","WPRO",0.0298114345115641,0.0203329078297271,0.0468657203097393
"650","NZL","0-14","0-9","WPRO",0.00185063761994065,0.00164093918230936,0.00207795829413461
"651","NZL","15-24","0-9","WPRO",0.00468585227527922,0.00428862891836229,0.0050664088460961
"652","NZL","25-54","0-9","WPRO",0.0157988914475823,0.0114817029462763,0.0220441632778292
"653","NZL","55-64","0-9","WPRO",0.0332918175828456,0.0182771752384204,0.0603342716339392
"654","NZL","65+","0-9","WPRO",0.0630706447531535,0.0285769190889144,0.155096004130131
"655","OMN","0-14","0-9","EMRO",0.00241762723498597,0.0021407364830174,0.00271426739990879
"656","OMN","15-24","0-9","EMRO",0.0058084638594129,0.00531009374659754,0.00634705004144422
"657","OMN","25-54","0-9","EMRO",0.025274825756057,0.0178202344195143,0.0406788830786319
"658","PAK","0-14","200+","EMRO",0.0377305042837573,0.0341336279499427,0.0412677522215406
"659","PAK","15-24","200+","EMRO",0.0947006457013121,0.0882377142927057,0.101658201021286
"660","PAK","25-54","200+","EMRO",0.333230754419944,0.28668016139574,0.388831273822541
"661","PAK","55-64","200+","EMRO",0.562073506101231,0.460034246605587,0.659286289825159
"662","PAK","65+","200+","EMRO",0.697817593518346,0.544886868992369,0.822889648208647
"663","PAN","0-14","50-99","AMRO",0.00754199592144031,0.00664377853965145,0.00856639752439205
"664","PAN","15-24","50-99","AMRO",0.0209543404215068,0.0191229752726782,0.0229737382589497
"665","PAN","25-54","50-99","AMRO",0.0417441432085591,0.0302652036222002,0.0613599221968232
"666","PAN","55-64","50-99","AMRO",0.0661938840501066,0.0361848911314606,0.124648444957212
"667","PAN","65+","50-99","AMRO",0.0848455158669766,0.0433501587068317,0.205308152061686
"668","PER","0-14","100-199","AMRO",0.0182057397130386,0.0160106476061634,0.0207038697237456
"669","PER","15-24","100-199","AMRO",0.0606805478810383,0.0557557301413268,0.0664659129127329
"670","PER","25-54","100-199","AMRO",0.261487707979982,0.185234212825395,0.387240445976952
"671","PER","55-64","100-199","AMRO",0.548636510866749,0.303567323561734,0.827726372349024
"672","PER","65+","100-199","AMRO",0.760127914371534,0.429665103667701,0.962310100068007
"673","PHL","0-14","200+","WPRO",0.0566707077425327,0.0517980393611795,0.0624704800869263
"674","PHL","15-24","200+","WPRO",0.181124412963795,0.169038333993054,0.193082151551462
"675","PHL","25-54","200+","WPRO",0.453897152306539,0.399138054358976,0.514447327341725
"676","PHL","55-64","200+","WPRO",0.648840466422714,0.510394930732431,0.815449219009164
"677","PHL","65+","200+","WPRO",0.737226326290101,0.515061471438855,0.905886529846256
"678","PLW","0-14","100-199","WPRO",0.00737515019624094,0.00655206081980085,0.00831574041642333
"679","PLW","25-54","100-199","WPRO",0.174395797092176,0.141407343936822,0.223518332729261
"680","PNG","15-24","200+","WPRO",0.169872005110951,0.157638831186261,0.184036598338832
"681","PNG","25-54","200+","WPRO",0.395904918287351,0.293459466081119,0.521221890370455
"682","PNG","55-64","200+","WPRO",0.531381661316399,0.286727516038466,0.796057663502795
"683","PNG","65+","200+","WPRO",0.566250807772541,0.239836415248647,0.879851912519719
"684","POL","0-14","10-29","EURO",0.00372904455671718,0.00329643361642015,0.00420358562721809
"685","POL","15-24","10-29","EURO",0.0108921068348017,0.00992123028446827,0.0120405149707139
"686","POL","25-54","10-29","EURO",0.047927902836423,0.0297392785306626,0.0929785745568859
"687","POL","55-64","10-29","EURO",0.115020761453968,0.0572321216665571,0.294051494225979
"688","POL","65+","10-29","EURO",0.215624913102586,0.0827499444990991,0.522348252511141
"689","PRI","0-14","0-9","AMRO",0.000989461311680059,0.000850281618604973,0.00113771146149078
"690","PRI","15-24","0-9","AMRO",0.0032328298208008,0.00291720613626908,0.00353589072674579
"691","PRI","25-54","0-9","AMRO",0.0185572879437351,0.0114929743254702,0.0300122751698146
"692","PRI","55-64","0-9","AMRO",0.0738982221850968,0.0325707280911651,0.162168161789357
"693","PRI","65+","0-9","AMRO",0.239032738437968,0.0799208313967168,0.555753121637995
"694","PRK","0-14","200+","SEARO",0.0649038450675783,0.0559584189008095,0.0743136435433671
"695","PRK","15-24","200+","SEARO",0.148108899420049,0.13509762958777,0.161384358450238
"696","PRK","25-54","200+","SEARO",0.343645676756168,0.285744331607263,0.433987932596091
"697","PRK","55-64","200+","SEARO",0.154432060245162,0.0779397676270085,0.340048879609442
"698","PRK","65+","200+","SEARO",0.325134799887306,0.16801408901702,0.680816492245314
"699","PRT","0-14","10-29","EURO",0.0046381779212108,0.00416065155753681,0.00526778189957041
"700","PRT","15-24","10-29","EURO",0.0139871534505212,0.0130206265185033,0.0152015262733382
"701","PRT","25-54","10-29","EURO",0.0550482193054159,0.031911563579297,0.102262809225888
"702","PRT","55-64","10-29","EURO",0.146778645921893,0.0663115468292104,0.328083330668469
"703","PRT","65+","10-29","EURO",0.338362476698538,0.128041266705107,0.753516979997704
"704","PRY","0-14","30-49","AMRO",0.00607244733803371,0.00540846246255994,0.00682746086552547
"705","PRY","15-24","30-49","AMRO",0.0168344023926434,0.0154630620410142,0.018333774825585
"706","PRY","25-54","30-49","AMRO",0.0514891661369329,0.0354046139104453,0.07938582033037
"707","PRY","55-64","30-49","AMRO",0.0749113693811581,0.0401832720641808,0.164535608680084
"708","PRY","65+","30-49","AMRO",0.135993034553277,0.056421560697159,0.371996158390478
"709","PSE","0-14","0-9","SEARO",0.00156087173993956,0.00136599543963861,0.00179924980387963
"710","PSE","15-24","0-9","SEARO",0.0042913369722779,0.00391650887135727,0.00472774487196957
"711","PSE","25-54","0-9","SEARO",0.0130222820397996,0.00974014872701155,0.0190902446704572
"712","PSE","55-64","0-9","SEARO",0.0285408367038785,0.0157928601534092,0.0567097428995651
"713","PSE","65+","0-9","SEARO",0.0523422432972745,0.0231005832336466,0.133034143275055
"714","PYF","15-24","10-29","WPRO",0.0158466866023079,0.0145944541714933,0.0171669581737622
"715","PYF","25-54","10-29","WPRO",0.0482157245680561,0.0325449539428973,0.0829995123930388
"716","PYF","55-64","10-29","WPRO",0.118683076014358,0.0602521916167834,0.2919252472063
"717","PYF","65+","10-29","WPRO",0.162669686950505,0.0649246885784043,0.452234229160809
"718","QAT","0-14","10-29","EMRO",0.00601125876938922,0.00536407578599625,0.00680019723135856
"719","QAT","15-24","10-29","EMRO",0.0144887829763799,0.0132905975950402,0.0160867040798102
"720","QAT","25-54","10-29","EMRO",0.0521979151292779,0.0380101426168623,0.0821834899912724
"721","QAT","55-64","10-29","EMRO",0.101764975995807,0.0568711923967102,0.224543904669344
"722","ROU","0-14","50-99","EURO",0.0146933292920171,0.0128769475846069,0.0166332468790765
"723","ROU","15-24","50-99","EURO",0.0458185854952588,0.0417203134707985,0.0501444229982934
"724","ROU","25-54","50-99","EURO",0.272646427939082,0.190204475541389,0.388983286654267
"725","ROU","55-64","50-99","EURO",0.653029298722375,0.350815901861865,0.893274456506464
"726","ROU","65+","50-99","EURO",0.829251057083945,0.448172034719596,0.970038637594139
"727","RUS","0-14","50-99","EURO",0.0158453641117597,0.0140767842411347,0.0178390499712902
"728","RUS","15-24","50-99","EURO",0.0371574690286944,0.0340253918503739,0.0405981628167815
"729","RUS","25-54","50-99","EURO",0.10252351129026,0.0798386766397314,0.135417020936577
"730","RUS","55-64","50-99","EURO",0.153322426232881,0.0918697002514944,0.277836662932923
"731","RUS","65+","50-99","EURO",0.179942057489667,0.0930076332375463,0.395633990891211
"732","RWA","0-14","50-99","AFR-High",0.0117415096790607,0.0106315166158843,0.0129383416688543
"733","RWA","15-24","50-99","AFR-High",0.0280195810925403,0.0262512934660545,0.0301525533308684
"734","RWA","25-54","50-99","AFR-High",0.0718028259858558,0.0563730779344264,0.0984450872229957
"735","RWA","55-64","50-99","AFR-High",0.105442180663025,0.0662668309744151,0.201701644872023
"736","RWA","65+","50-99","AFR-High",0.13897582522916,0.0764195566951005,0.309012478101805
"737","SAU","0-14","10-29","EMRO",0.0028604340471681,0.00258431575523717,0.00320059151233779
"738","SAU","15-24","10-29","EMRO",0.00683694414959459,0.00629644557019467,0.00741636942640436
"739","SAU","25-54","10-29","EMRO",0.0202700234893933,0.0153464723506852,0.0288447976028927
"740","SAU","55-64","10-29","EMRO",0.0373101428026986,0.023631138925839,0.069320097867419
"741","SAU","65+","10-29","EMRO",0.0529865166256701,0.0277611350996466,0.138829982378872
"742","SDN","0-14","50-99","EMRO",0.0188747609640674,0.0168333650121362,0.0211432170969755
"743","SDN","15-24","50-99","EMRO",0.048536676996542,0.0446650710584075,0.0529633408249586
"744","SDN","25-54","50-99","EMRO",0.18758767937897,0.134987228079584,0.274388626163782
"745","SDN","55-64","50-99","EMRO",0.378514427336895,0.213547252716893,0.628490292936428
"746","SDN","65+","50-99","EMRO",0.536797970528891,0.274703439665708,0.865987929507921
"747","SEN","0-14","100-199","AFR-Low",0.0248076813697582,0.0221734325295016,0.0278384330369203
"748","SEN","15-24","100-199","AFR-Low",0.0726836100576785,0.0672243948503736,0.0785656454153911
"749","SEN","25-54","100-199","AFR-Low",0.216676191712187,0.171546283890556,0.282450419710627
"750","SEN","55-64","100-199","AFR-Low",0.294534606711131,0.173475393164159,0.521058986823699
"751","SEN","65+","100-199","AFR-Low",0.39582541119953,0.198582699907417,0.72780533439592
"752","SGP","0-14","50-99","WPRO",0.00503637837069918,0.00446494893104809,0.00563072162434408
"753","SGP","15-24","50-99","WPRO",0.0137131611245774,0.0126027541720616,0.0148879142970939
"754","SGP","25-54","50-99","WPRO",0.0536608640350145,0.0357755141402527,0.0836716130010363
"755","SGP","55-64","50-99","WPRO",0.119262229616723,0.0567922602845371,0.235042752716566
"756","SGP","65+","50-99","WPRO",0.179913226621776,0.0699172618823485,0.433944564266079
"757","SLB","25-54","50-99","WPRO",0.436632302810254,0.328472899866976,0.579872244915512
"758","SLB","55-64","50-99","WPRO",0.597110478921355,0.305783646173538,0.860737739050755
"759","SLE","0-14","200+","AFR-Low",0.0490011901969322,0.0436096952795597,0.0552918252210815
"760","SLE","15-24","200+","AFR-Low",0.13229707120457,0.121939862570748,0.144495209957808
"761","SLE","25-54","200+","AFR-Low",0.394730703543645,0.314567048739897,0.497902648957209
"762","SLE","55-64","200+","AFR-Low",0.628943525681217,0.405880491019841,0.816710333030753
"763","SLE","65+","200+","AFR-Low",0.722513251539059,0.429707898553143,0.912523618669771
"764","SLV","0-14","50-99","AMRO",0.00476812657665201,0.0041975154638465,0.00538097616597123
"765","SLV","15-24","50-99","AMRO",0.0123071507738915,0.0113380959709113,0.0134416080210948
"766","SLV","25-54","50-99","AMRO",0.0470111260195907,0.0276432404765479,0.0826215219781333
"767","SLV","55-64","50-99","AMRO",0.114615927764483,0.0442346589976546,0.263090956315467
"768","SLV","65+","50-99","AMRO",0.202957194871109,0.0581523217020164,0.547812126475741
"769","SMR","65+","0-9","EURO",0.112379865964304,0.0497835667654385,0.339703740225585
"770","SOM","0-14","200+","EMRO",0.0505242091987996,0.0455022879433494,0.0563679144276429
"771","SOM","15-24","200+","EMRO",0.138373860389992,0.127960417715678,0.149548973186152
"772","SOM","25-54","200+","EMRO",0.354485902894986,0.255367410298125,0.49256647774175
"773","SOM","55-64","200+","EMRO",0.657102554697229,0.369077441323046,0.91149466311327
"774","SOM","65+","200+","EMRO",0.829310956476828,0.490870862634318,0.984103403129426
"775","SRB","0-14","10-29","EURO",0.00510113616467673,0.0045677703641924,0.00577342340109998
"776","SRB","15-24","10-29","EURO",0.0125058486255809,0.0113468704154425,0.0137502737280927
"777","SRB","25-54","10-29","EURO",0.109800136455601,0.0657250786486713,0.191095811596128
"778","SRB","55-64","10-29","EURO",0.332950890455017,0.136943729842334,0.64768680099155
"779","SRB","65+","10-29","EURO",0.609392020860866,0.222237370651838,0.909588773353858
"780","SSD","0-14","200+","AFR-Low",0.0169828221230381,0.014996779312422,0.0195469830510255
"781","SSD","15-24","200+","AFR-Low",0.0471657037433864,0.0428374378364292,0.052369004801383
"782","SSD","25-54","200+","AFR-Low",0.176229647974206,0.135162865683719,0.238818337015721
"783","SSD","55-64","200+","AFR-Low",0.296050205121343,0.189124807135749,0.480316487357622
"784","SSD","65+","200+","AFR-Low",0.390951384226013,0.25268613045216,0.697315317337454
"785","STP","25-54","100-199","AFR-Low",0.144722856498646,0.089583185316805,0.245784944733062
"786","STP","55-64","100-199","AFR-Low",0.469015460207492,0.252944349115196,0.764495078338674
"787","SUR","0-14","10-29","AMRO",0.00634585625415611,0.00563649433445063,0.00713803200730234
"788","SUR","15-24","10-29","AMRO",0.0302800115877046,0.027399973399569,0.0333234839350254
"789","SUR","25-54","10-29","AMRO",0.159852402022579,0.100372364776637,0.260456540766928
"790","SUR","55-64","10-29","AMRO",0.456076079705169,0.21846441224382,0.697279764632371
"791","SUR","65+","10-29","AMRO",0.754213644072212,0.37667947206195,0.936052999973883
"792","SVK","0-14","0-9","EURO",0.00214679661557527,0.00190110271002016,0.00240346889901152
"793","SVK","15-24","0-9","EURO",0.00768375196649446,0.00706548185401099,0.00836213569258532
"794","SVK","25-54","0-9","EURO",0.0584007698661584,0.0349850338311954,0.102004501706868
"795","SVK","55-64","0-9","EURO",0.215013699090387,0.0919351895540278,0.44618847433908
"796","SVK","65+","0-9","EURO",0.509804455188248,0.184516130281965,0.828623595186627
"797","SVN","0-14","0-9","EURO",0.00221058879804865,0.00196217344497674,0.00251128363790255
"798","SVN","15-24","0-9","EURO",0.00668192409159345,0.00610705069414248,0.00722335581936342
"799","SVN","25-54","0-9","EURO",0.0542100487116518,0.0308465832025956,0.0992148062454815
"800","SVN","55-64","0-9","EURO",0.186925805697911,0.0703954597661383,0.384199678131304
"801","SVN","65+","0-9","EURO",0.484488167737638,0.154382017064096,0.835264139645565
"802","SWE","0-14","0-9","EURO",0.00161038449352205,0.0014260058836606,0.0018431737789348
"803","SWE","15-24","0-9","EURO",0.00360624704477738,0.0032865303274694,0.00393244437538605
"804","SWE","25-54","0-9","EURO",0.00973493623914414,0.00777595359203192,0.013654861512037
"805","SWE","55-64","0-9","EURO",0.0191474264824058,0.0125962120608073,0.0348845951540675
"806","SWE","65+","0-9","EURO",0.0331900651477303,0.0175565602696206,0.085483857301479
"807","SWZ","0-14","200+","AFR-High",0.0826752651509693,0.0735688765212675,0.0921714070626
"808","SWZ","15-24","200+","AFR-High",0.136168426660836,0.12528399244007,0.146877695535198
"809","SWZ","25-54","200+","AFR-High",0.2449355828373,0.210881742140142,0.308039401310172
"810","SWZ","55-64","200+","AFR-High",0.0677868139629764,0.0327703390644902,0.159434762037215
"811","SWZ","65+","200+","AFR-High",0.231671102955868,0.166232929187517,0.389092390247186
"812","SYC","0-14","10-29","AFR-Low",0.00266364549907143,0.00239784045316746,0.00296903635121858
"813","SYC","15-24","10-29","AFR-Low",0.00864116727454915,0.00790239999056205,0.00942415503967555
"814","SYC","25-54","10-29","AFR-Low",0.0279932160716474,0.0189422724525021,0.0478189284870258
"815","SYC","55-64","10-29","AFR-Low",0.0594645317459085,0.0348051376600234,0.14255437248618
"816","SYC","65+","10-29","AFR-Low",0.0933775135743068,0.0428083798874702,0.284518994062697
"817","SYR","0-14","10-29","EMRO",0.00378050579623955,0.00330364004675577,0.00431944515846077
"818","SYR","15-24","10-29","EMRO",0.0138312094251739,0.0127069613927507,0.0152111983841762
"819","SYR","25-54","10-29","EMRO",0.0686284767243393,0.0549636230069099,0.094853855743226
"820","SYR","55-64","10-29","EMRO",0.178609480079673,0.117581599578709,0.28976305604141
"821","SYR","65+","10-29","EMRO",0.393220047112844,0.217716463267891,0.634877960650906
"822","TCA","0-14","0-9","AMRO",0.00363018255311974,0.00316144128370685,0.00416535018305853
"823","TCA","15-24","0-9","AMRO",0.0166126048205159,0.0150010183037993,0.0183279868090544
"824","TCA","65+","0-9","AMRO",0.30029682222129,0.0826380539277873,0.707142459854258
"825","TCD","0-14","100-199","AFR-Low",0.0244219488505756,0.021804727264638,0.0273789109031877
"826","TCD","15-24","100-199","AFR-Low",0.0559488724650252,0.0515386334048144,0.0603033657471627
"827","TCD","25-54","100-199","AFR-Low",0.130458272567473,0.103542111607217,0.178239488384799
"828","TCD","55-64","100-199","AFR-Low",0.187910961158706,0.116471834156516,0.352731316372615
"829","TCD","65+","100-199","AFR-Low",0.284877279619137,0.17041558066126,0.561980862629145
"830","TGO","0-14","30-49","AFR-Low",0.00935849954915464,0.00834977652227809,0.0104881740967778
"831","TGO","15-24","30-49","AFR-Low",0.0221440698381552,0.0205116552176616,0.0240326074056362
"832","TGO","25-54","30-49","AFR-Low",0.0511241408480551,0.0425660554497675,0.0690131324209616
"833","TGO","55-64","30-49","AFR-Low",0.0640174867605479,0.0413151345054953,0.127498079892212
"834","TGO","65+","30-49","AFR-Low",0.0737069942554927,0.0395703977940157,0.180839560296092
"835","THA","0-14","100-199","SEARO",0.0259804880077448,0.0233347094960829,0.0289459677610139
"836","THA","15-24","100-199","SEARO",0.0733879661977375,0.0675768861898845,0.079490808980971
"837","THA","25-54","100-199","SEARO",0.215722872864279,0.174214145358723,0.271353613367534
"838","THA","55-64","100-199","SEARO",0.417292620498866,0.324014633641924,0.544089300016053
"839","THA","65+","100-199","SEARO",0.492234595022997,0.378059592184107,0.640804686473269
"840","TJK","0-14","50-99","EURO",0.0209567211792898,0.0185479602324936,0.0235565371400359
"841","TJK","15-24","50-99","EURO",0.0782440811907128,0.0711333744750289,0.0859348222163336
"842","TJK","25-54","50-99","EURO",0.214410807791166,0.17159617729545,0.2948020172937
"843","TJK","55-64","50-99","EURO",0.323262918151568,0.187111954016261,0.573985669854433
"844","TJK","65+","50-99","EURO",0.412233145635789,0.197348727578488,0.781376325777856
"845","TKM","0-14","30-49","EURO",0.0218798363803571,0.0195856783628373,0.024835088414139
"846","TKM","15-24","30-49","EURO",0.0907638422030288,0.0829549933961776,0.0994461221081687
"847","TKM","25-54","30-49","EURO",0.249224034452526,0.193949099502314,0.360525113131353
"848","TKM","55-64","30-49","EURO",0.451783935057422,0.281787051612098,0.814391335809786
"849","TKM","65+","30-49","EURO",0.60773076026338,0.322749795041459,0.977099208222491
"850","TLS","25-54","200+","SEARO",0.596920763868155,0.371155247411028,0.857338015745454
"851","TLS","55-64","200+","SEARO",0.65796646779015,0.105788771303368,0.999904969519614
"852","TLS","65+","200+","SEARO",0.549400122590906,0.0642112418769247,0.986450040275447
"853","TON","15-24","0-9","WPRO",0.0118925924262842,0.0109604061618289,0.0127845154944688
"854","TON","25-54","0-9","WPRO",0.0536734115788131,0.0364233980251076,0.08226685742394
"855","TON","55-64","0-9","WPRO",0.116652426326955,0.0573490028351646,0.224528228961654
"856","TON","65+","0-9","WPRO",0.254088660421803,0.118590250027577,0.566622131297317
"857","TTO","0-14","10-29","AMRO",0.00270869975885888,0.00239419480669517,0.00303786964877806
"858","TTO","15-24","10-29","AMRO",0.00572462716235546,0.00530206781453359,0.00621670312432591
"859","TTO","25-54","10-29","AMRO",0.0122056370888241,0.00967704704937914,0.0167931056294423
"860","TTO","55-64","10-29","AMRO",0.0195714215969942,0.0130401011467909,0.0354316826910866
"861","TTO","65+","10-29","AMRO",0.0297488320305496,0.0167275530129812,0.0738151481373015
"862","TUN","0-14","30-49","EMRO",0.00466382605882486,0.00411695643649186,0.00530454309485054
"863","TUN","15-24","30-49","EMRO",0.0115569668784245,0.0106211130301462,0.0125627952769109
"864","TUN","25-54","30-49","EMRO",0.0313704263972869,0.0255302932679594,0.0439377457267108
"865","TUN","55-64","30-49","EMRO",0.0406000091485134,0.0251170585116749,0.0822024659760237
"866","TUN","65+","30-49","EMRO",0.0564741432443932,0.0284420929344009,0.145984440094686
"867","TUR","0-14","10-29","EURO",0.0034002814172658,0.00303880889297809,0.00382329092922383
"868","TUR","15-24","10-29","EURO",0.0108664215089998,0.0099553185477692,0.0118421247669381
"869","TUR","25-54","10-29","EURO",0.0486163347939001,0.0355784953478308,0.0836120515978702
"870","TUR","55-64","10-29","EURO",0.106138918346363,0.0601690026562058,0.256726018687197
"871","TUR","65+","10-29","EURO",0.208600362607663,0.0923632037765576,0.517332527059827
"872","TZA","0-14","200+","AFR-High",0.0707581195626876,0.0620848118988273,0.0803881640065194
"873","TZA","15-24","200+","AFR-High",0.138982351669445,0.126132003783691,0.151027344339827
"874","TZA","25-54","200+","AFR-High",0.190538569405099,0.164413803722229,0.228431576792214
"875","TZA","55-64","200+","AFR-High",0.272769666330861,0.188125639059327,0.381263157975562
"876","TZA","65+","200+","AFR-High",0.328268700609038,0.208427248570157,0.530521485928459
"877","UGA","0-14","200+","AFR-High",0.0166789612420417,0.0149735168010363,0.0185069035798781
"878","UGA","15-24","200+","AFR-High",0.0614614329504331,0.0565701965258303,0.0665706777885691
"879","UGA","25-54","200+","AFR-High",0.160349097087211,0.108692143019687,0.256603987101781
"880","UGA","55-64","200+","AFR-High",0.344710311891277,0.17043653568055,0.623374812552366
"881","UGA","65+","200+","AFR-High",0.569726031236239,0.261050731272315,0.87168923284735
"882","UKR","0-14","50-99","EURO",0.0153818516436843,0.0137392611042468,0.0172431757611423
"883","UKR","15-24","50-99","EURO",0.0370953499128999,0.0339060231271673,0.0406964997528745
"884","UKR","25-54","50-99","EURO",0.0829014240608004,0.0667028572430684,0.116150223169872
"885","UKR","55-64","50-99","EURO",0.108412714928651,0.071107793312731,0.216815841658034
"886","UKR","65+","50-99","EURO",0.104558086212168,0.0571584861543015,0.281487117611171
"887","URY","0-14","30-49","AMRO",0.00314436676141217,0.00277242317007125,0.00356726760685044
"888","URY","15-24","30-49","AMRO",0.00768176202991713,0.0069944865425347,0.00842376391010457
"889","URY","25-54","30-49","AMRO",0.0244100559234253,0.0175024980460677,0.0393913859076208
"890","URY","55-64","30-49","AMRO",0.0472805159888533,0.024778104828025,0.102444689063283
"891","URY","65+","30-49","AMRO",0.0851017220503184,0.0318790849711079,0.208289655903022
"892","USA","0-14","0-9","AMRO",0.00137926842281372,0.0012173356619087,0.00157224199056103
"893","USA","15-24","0-9","AMRO",0.00365320747290163,0.00333315376960414,0.00398647164509475
"894","USA","25-54","0-9","AMRO",0.0186871961935648,0.0125455630718025,0.0312639199924285
"895","USA","55-64","0-9","AMRO",0.0513618038339568,0.0271592743695633,0.110771689693469
"896","USA","65+","0-9","AMRO",0.131735593169211,0.0526137019294361,0.362684937606583
"897","UZB","0-14","50-99","EURO",0.0154752318416492,0.0138947586655826,0.0171803414417152
"898","UZB","15-24","50-99","EURO",0.0422316971097315,0.0393789587866475,0.0460244994322542
"899","UZB","25-54","50-99","EURO",0.0938164955690711,0.074015538994626,0.131125270582553
"900","UZB","55-64","50-99","EURO",0.120410666219341,0.0739657989337973,0.229765742263306
"901","UZB","65+","50-99","EURO",0.147980223418315,0.0832754620873507,0.331325959187227
"902","VCT","0-14","0-9","AMRO",0.00432845176039356,0.0038909267771392,0.00479097164212194
"903","VCT","15-24","0-9","AMRO",0.0149999699487665,0.0139379789127968,0.0162832436762339
"904","VCT","25-54","0-9","AMRO",0.0569575423615807,0.0386582695090381,0.0897729264010025
"905","VCT","55-64","0-9","AMRO",0.114309273894789,0.0561253861769013,0.228508527262343
"906","VCT","65+","0-9","AMRO",0.204998810861149,0.0838435668298636,0.508988804486909
"907","VEN","0-14","30-49","AMRO",0.00404471349343079,0.00358617291252416,0.00457339830964437
"908","VEN","15-24","30-49","AMRO",0.0111140376816886,0.0102161159524129,0.0121544377795795
"909","VEN","25-54","30-49","AMRO",0.0346814610573959,0.0258903625043534,0.0506419493993994
"910","VEN","55-64","30-49","AMRO",0.0602872287581013,0.0361325361804927,0.120907457847765
"911","VEN","65+","30-49","AMRO",0.0993770191360423,0.0494000444371629,0.26520279421907
"912","VGB","0-14","0-9","AMRO",0.00147105746634353,0.00127428030889366,0.00170020724046218
"913","VGB","25-54","0-9","AMRO",0.0581668580371406,0.0316227108741087,0.117471166954402
"914","VGB","65+","0-9","AMRO",0.791756471786473,0.540304653306459,0.95835300691669
"915","VNM","0-14","100-199","WPRO",0.0271646910156116,0.0242126847633623,0.0305131549086681
"916","VNM","15-24","100-199","WPRO",0.0881089756432607,0.0815250289338518,0.0954609968878542
"917","VNM","25-54","100-199","WPRO",0.291835596519328,0.181433083051389,0.432722278645438
"918","VNM","55-64","100-199","WPRO",0.621601217455781,0.324000967220217,0.877787388635217
"919","VNM","65+","100-199","WPRO",0.868727089478561,0.521322732169166,0.976837672158354
"920","WSM","0-14","0-9","WPRO",0.00272908486568127,0.00243719757896737,0.00301952922785899
"921","WSM","15-24","0-9","WPRO",0.00532059843140614,0.00487540509847114,0.0057869223072887
"922","WSM","25-54","0-9","WPRO",0.0485893294555132,0.0394476102387386,0.0599687049787847
"923","WSM","55-64","0-9","WPRO",0.103070581707694,0.0768855338519559,0.136816567278514
"924","WSM","65+","0-9","WPRO",0.219900734541711,0.144889937777427,0.332405274514342
"925","YEM","0-14","30-49","EMRO",0.00998070942187469,0.00888042513049301,0.0111482962478601
"926","YEM","15-24","30-49","EMRO",0.0394680142139407,0.0364391414821047,0.0431241071735122
"927","YEM","25-54","30-49","EMRO",0.273582027619788,0.182356727858219,0.396480272597337
"928","YEM","55-64","30-49","EMRO",0.727854318291857,0.41457045793109,0.935490558736368
"929","YEM","65+","30-49","EMRO",0.898930052049318,0.589864485522497,0.981582505905495
"930","ZAF","0-14","200+","AFR-High",0.0759860422645624,0.0686697303846958,0.0844933587741188
"931","ZAF","15-24","200+","AFR-High",0.109382303800725,0.101207012087937,0.117972879957833
"932","ZAF","25-54","200+","AFR-High",0.198950757462899,0.160561503035964,0.269824751775501
"933","ZAF","55-64","200+","AFR-High",0.22314987764472,0.149298041164845,0.421531485032041
"934","ZAF","65+","200+","AFR-High",0.204087161441387,0.116598629980995,0.478306617511751
"935","ZMB","0-14","200+","AFR-High",0.0421845407233189,0.0375660528190814,0.0476617317031604
"936","ZMB","15-24","200+","AFR-High",0.115332193054176,0.105465124988297,0.125611411608449
"937","ZMB","25-54","200+","AFR-High",0.40808395528013,0.27001729165292,0.53912833320202
"938","ZMB","55-64","200+","AFR-High",0.728887505852509,0.407224089119397,0.907916696952429
"939","ZMB","65+","200+","AFR-High",0.853480113105004,0.450615300557026,0.967507128933523
"940","ZWE","0-14","200+","AFR-High",0.0314215545943912,0.0281606706283865,0.0354748742460122
"941","ZWE","15-24","200+","AFR-High",0.0911012000565948,0.0835594395779985,0.0988811319187056
"942","ZWE","25-54","200+","AFR-High",0.230444453481546,0.179381380170961,0.306050962270025
"943","ZWE","55-64","200+","AFR-High",0.333693714031852,0.198436324402237,0.542858264725983
"944","ZWE","65+","200+","AFR-High",0.375567530592417,0.175252849844737,0.685975453089062
