"","ISO3","AGE GROUPS","TBI.prev.2001","TBI.prev.2006","TBI.prev.2011","TBI.prev.2016"
"1","ABW","0-14",NA,NA,NA,0.0022214047641839
"2","ABW","15-24",NA,NA,NA,0.00546574215849351
"3","ABW","25-54",0.0211580498093045,0.0178617733311941,0.0164449781312467,0.0140821555334882
"4","ABW","55-64",0.0370668687497488,0.0327865892903007,0.0292316874815366,0.0253796380504445
"5","ABW","65+",0.0535205175556546,0.0485652008039536,0.0436267427640389,0.0405343462439691
"6","AFG","0-14",0.0469568704033212,0.0451048991067152,0.0370500984835027,0.0368437700312329
"7","AFG","15-24",0.178765735031765,0.13895824855712,0.103930817473091,0.0913848534139584
"8","AFG","25-54",0.540847778886387,0.478790353366884,0.400479743623819,0.33526487343686
"9","AFG","55-64",0.829536922471927,0.775752415486672,0.721752539435701,0.646946189792303
"10","AFG","65+",0.94548138574711,0.923301208819319,0.881821059005977,0.835409241937841
"11","AGO","0-14",0.054414081957451,0.0637971834038127,0.0570204599599153,0.0433629442725216
"12","AGO","15-24",0.167420613246603,0.174758977895339,0.126488904863653,0.0926610968099843
"13","AGO","25-54",0.284351214365532,0.287399961513291,0.257040323811915,0.220896424855573
"14","AGO","55-64",0.389630662805979,0.390760580625426,0.314713653034911,0.318918288123325
"15","AGO","65+",0.450408426997727,0.46232284152826,0.445294450188481,0.379350775961253
"16","AIA","0-14",NA,NA,NA,NA
"17","AIA","15-24",NA,NA,NA,0.00617673370746744
"18","AIA","25-54",0.042346145663274,0.0308407170883141,NA,0.0218564406560003
"19","AIA","55-64",0.0697790190620524,0.06113153790756,NA,0.0393627753319205
"20","AIA","65+",0.0984937091077296,0.0889135606779573,0.0783950303736919,0.0683720530175345
"21","ALB","0-14",0.00451728795873675,0.00391441587124724,0.00319222770390411,0.00283706485476115
"22","ALB","15-24",0.0158471215131838,0.0121774630933821,0.00917866991962711,0.00723329002413214
"23","ALB","25-54",0.0514284599468392,0.0431676189405575,0.03571828127022,0.0298011712679829
"24","ALB","55-64",0.104411064045176,0.090492583511745,0.0791263452403835,0.0653176856205968
"25","ALB","65+",0.164151411518491,0.147514813019402,0.131134553336194,0.115224093624341
"26","AND","0-14",NA,NA,NA,0.00200426417529004
"27","AND","15-24",NA,0.0130192898941248,NA,NA
"28","AND","25-54",0.15274374497361,0.114703118425319,NA,0.0621757331296224
"29","AND","55-64",NA,NA,NA,NA
"30","AND","65+",0.826740333344184,0.772745242266469,NA,NA
"31","ARE","0-14",0.0035324003235394,0.00270672903710242,0.00168600886926732,0.0012114264776054
"32","ARE","15-24",0.015139855799171,0.00935871729416476,0.00658813266800675,0.00485491672649186
"33","ARE","25-54",0.182692605690896,0.118211223094753,0.0745770624538514,0.046634462312648
"34","ARE","55-64",NA,NA,0.35498995516209,0.212633573524797
"35","ARE","65+",NA,0.909164054095314,NA,NA
"36","ARG","0-14",0.00686637457645659,0.00655908845994301,0.00510049381239373,0.00377570364880379
"37","ARG","15-24",0.0224870703424553,0.0185321115463239,0.0149174925538535,0.012020779169456
"38","ARG","25-54",0.124227333422838,0.103936946686241,0.081104725531683,0.0612111665904097
"39","ARG","55-64",0.319612099455533,0.247906881796599,0.182047754974998,0.149388657349792
"40","ARG","65+",0.524284459222273,0.479782623738842,0.388419793766452,0.298421067103358
"41","ARM","0-14",0.00799764054585886,0.0111724015749464,0.0122461697163537,0.0101400199278057
"42","ARM","15-24",0.0168628826723595,0.0192415595621335,0.0223059725156009,0.0245540427304936
"43","ARM","25-54",0.0305720508624934,0.0345152368193659,0.0407734497968682,0.0445386118113591
"44","ARM","55-64",0.0410985676696287,0.0457634607332111,0.0487117579595387,0.0474238341350553
"45","ARM","65+",0.0443138508466819,0.0485167461480412,0.0537294072886423,0.0577926160530981
"46","ASM","0-14",0.00303575020521821,NA,NA,NA
"47","ASM","15-24",NA,NA,NA,NA
"48","ASM","25-54",0.0531829822779276,0.0433169763092388,NA,NA
"49","ASM","55-64",NA,NA,NA,NA
"50","ASM","65+",NA,0.233495120507384,NA,NA
"51","ATG","0-14",0.00118416879146563,0.00111748140296059,NA,0.00131647836158164
"52","ATG","15-24",0.00426256740992846,0.00336237147561868,0.003318402207437,0.00304618963491
"53","ATG","25-54",0.0117324638758292,0.0109202708898745,0.00973139114228449,0.00912768616932347
"54","ATG","55-64",0.0216967918259813,0.0207224324047123,0.0193265556142402,0.0173972208404486
"55","ATG","65+",0.028117824610307,0.0270341907826915,0.0300579677945913,0.0289117406034198
"56","AUS","0-14",0.00184284492843053,0.0015947335496706,0.00156016844585604,0.00154831215800022
"57","AUS","15-24",0.00498096197618675,0.00435528568742719,0.00394104326192857,0.00374639665774956
"58","AUS","25-54",0.016200152234414,0.0138135264327988,0.0116591155292977,0.0101946624787785
"59","AUS","55-64",0.0351181679017935,0.0300488252357052,0.0248808409281347,0.0208223227069218
"60","AUS","65+",0.0589810736748996,0.0512675599682403,0.0462545452069673,0.0401822409464334
"61","AUT","0-14",0.00359419214642463,0.00304966430268075,0.00249785172883729,0.00206527331057615
"62","AUT","15-24",0.0108241669463028,0.00781708031637593,0.00587542877227641,0.00550696814848501
"63","AUT","25-54",0.0623115455325059,0.0485807734993025,0.0372875856659144,0.0294484810234761
"64","AUT","55-64",0.17399266726539,0.115331673166481,0.0837894193690486,0.0706861854840847
"65","AUT","65+",0.371642000746818,0.317441444712168,0.224790762723804,0.17892959657927
"66","AZE","0-14",0.157798393906622,0.149931647698366,0.0920045221009966,0.036149818684791
"67","AZE","15-24",0.574449780833047,0.423078361078626,0.326738053019266,0.22787050210714
"68","AZE","25-54",0.984950582630179,0.949067468673101,0.871711378215808,0.771821980531552
"69","AZE","55-64",1,0.999022237244174,0.999999997074034,0.999194612757447
"70","AZE","65+",1,1,1,0.999803253250433
"71","BDI","0-14",0.0496168800580614,0.0476726965843346,0.0321102877705535,0.0235948946745167
"72","BDI","15-24",0.150841778794835,0.137127511248021,0.115731036451051,0.0940557185483162
"73","BDI","25-54",0.428736957716603,0.38938129641516,0.341008674607003,0.290010546946479
"74","BDI","55-64",0.687723491279244,0.618502448262936,0.583690790606682,0.519267295822118
"75","BDI","65+",0.876545571347454,0.841959920487904,0.777599475614691,0.650615179154488
"76","BEL","0-14",0.00337062809074295,0.00282788094768917,0.00244011903386601,0.0021656141095903
"77","BEL","15-24",0.010139348133012,0.00777443204146972,0.00681688461569975,0.00588756325585811
"78","BEL","25-54",0.0433654262783537,0.0345955268901437,0.0282030118777929,0.0234413184793157
"79","BEL","55-64",0.105442354951252,0.0775537795188104,0.0575883603341493,0.0478677804957753
"80","BEL","65+",0.189396377077834,0.16385516426628,0.129162885228488,0.105594719539913
"81","BEN","0-14",0.0247912188937181,0.0181364839567893,0.0137337937407394,0.0117055689318958
"82","BEN","15-24",0.0753536405966851,0.0763657844528937,0.054987795898763,0.0395224087866719
"83","BEN","25-54",0.355226580475242,0.295957846901138,0.240686188636713,0.190947436852931
"84","BEN","55-64",0.769635554152763,0.682052316954323,0.582513564353635,0.444868965666193
"85","BEN","65+",NA,NA,NA,0.632000954526369
"86","BFA","0-14",NA,NA,0.0114278550063584,0.0119716787065115
"87","BFA","15-24",0.0342922381618739,0.0416865677181711,0.0352950355376373,0.0331472728012517
"88","BFA","25-54",0.0911146371828772,0.0874304083144039,0.0882140543228909,0.0838358545904419
"89","BFA","55-64",NA,NA,NA,0.114093928348411
"90","BFA","65+",NA,NA,NA,0.149526794270543
"91","BGD","0-14",0.0557446019832368,0.0514889341669955,0.0493287761341503,0.0427248491555305
"92","BGD","15-24",0.148430817331689,0.138489627020213,0.119300791738976,0.103241533043429
"93","BGD","25-54",0.29261765835756,0.288852462919676,0.280170299535488,0.268882930611074
"94","BGD","55-64",0.346112222618366,0.353437459858917,0.37803628487274,0.34770985941267
"95","BGD","65+",0.435732575209552,0.438091336605587,0.41649625190748,0.409159350303399
"96","BGR","0-14",0.0105395283184838,0.0110032335627847,0.00884565781916334,0.00611994052481899
"97","BGR","15-24",0.0337622995265242,0.0279311358039756,0.0243075332776505,0.0187187118332088
"98","BGR","25-54",0.122067043323507,0.106337079323909,0.0894691292644681,0.072679112341043
"99","BGR","55-64",0.222530066181078,0.200245311449313,0.180819739960244,0.151652141135464
"100","BGR","65+",0.312638905945883,0.302146546297416,0.265064544450309,0.232971343324723
"101","BHR","0-14",0.00460122229949924,0.00406154539478606,0.00558389563642785,0.00446597042607379
"102","BHR","15-24",0.0191362403940959,0.0126951669682908,0.00935048064250012,0.00914754662924195
"103","BHR","25-54",0.0941429637524106,0.0768560731660422,0.0588907799986483,0.0465973570247912
"104","BHR","55-64",NA,0.144256519082862,0.141825324878762,0.115279564305585
"105","BHR","65+",0.343558496090642,0.310535589614275,NA,0.215048448399973
"106","BHS","0-14",0.00485965191005573,0.00336569709338668,0.00279600535856739,0.0022494023132344
"107","BHS","15-24",0.0128831848392086,0.00958962860244578,0.00957240295469569,0.0079201479597939
"108","BHS","25-54",0.0704283326883642,0.054848776744965,0.0433100672348264,0.0336928700102728
"109","BHS","55-64",0.187187153302013,0.144755741289748,0.110159340965318,0.0863695017373673
"110","BHS","65+",0.350987514705545,0.307506861722902,0.236598054851975,0.193247073653875
"111","BIH","0-14",0.0163220851348188,0.0110929819534031,0.0112060974433434,0.010347177518257
"112","BIH","15-24",0.0643633934362686,0.0378238439589905,0.0219452034640549,0.0175557057941606
"113","BIH","25-54",0.224663315579016,0.181324217239076,0.140573923678281,0.109319411723069
"114","BIH","55-64",0.420355831244953,0.367429545211697,0.307773378282374,0.258932001416211
"115","BIH","65+",0.623604449919683,0.578442829713143,0.449242428352759,0.404326216542813
"116","BLR","0-14",0.0129984121699244,0.0136137713076502,0.0122771555676862,0.0101083000910671
"117","BLR","15-24",0.0314685182651572,0.0294665381247998,0.029801157775102,0.0259219052566076
"118","BLR","25-54",0.0760064510931971,0.0737265522421392,0.0708596843759758,0.0658733495740925
"119","BLR","55-64",0.0923298172106424,0.097667188351383,0.100638343907097,0.0946789731104166
"120","BLR","65+",0.120301977980212,0.11393714116389,0.113767950781935,0.111418106904467
"121","BLZ","0-14",0.00713184437191751,0.00671598568596222,0.00575551500714285,0.00467808674001578
"122","BLZ","15-24",0.0146746695590043,0.0140499235035687,0.0112984363106944,0.0129079338399692
"123","BLZ","25-54",0.0569083771417816,0.0480619755436619,0.042013950308018,0.0357830488963434
"124","BLZ","55-64",0.102622280281564,0.0889064717235479,0.0698410314429146,0.0667758554351818
"125","BLZ","65+",0.17280455374177,0.154662511936269,0.129612077630793,0.110150001736385
"126","BMU","0-14",0.00147413102192926,0.00109817371627738,0.00123294180802865,0.00137594170325991
"127","BMU","15-24",0.00451673873221505,0.00384034941775615,0.0027044355969768,0.00287414418948888
"128","BMU","25-54",0.0179254392590204,0.0145464877339004,0.0125069172966843,0.0101915322829852
"129","BMU","55-64",0.0391511078676851,0.0317958649039067,0.0289654788859066,0.0224743037160546
"130","BMU","65+",0.0742523041019446,0.0690945164234894,0.051640191595269,0.0444303514706314
"131","BOL","0-14",0.0396438324411587,0.0314457411309423,0.0276619505296811,0.0201602734205115
"132","BOL","15-24",0.092560983403238,0.0823040693166299,0.0830472994008271,0.0577869708449671
"133","BOL","25-54",0.370780771234247,0.318517160552257,0.275200742645642,0.232619840822966
"134","BOL","55-64",0.66548439991231,0.581514835336851,0.486020157897192,0.434004022920504
"135","BOL","65+",0.833926596710717,0.726128094362094,0.646922926457213,0.583039719408678
"136","BRA","0-14",0.0113345525620822,0.00967312024095505,0.00772885394690794,0.00646590400599551
"137","BRA","15-24",0.038765318167358,0.0311958658777767,0.0255019014255654,0.0204847800378462
"138","BRA","25-54",0.17476628870736,0.143199774391784,0.118298682647822,0.095730962785809
"139","BRA","55-64",0.388386806790045,0.328300707179243,0.246439951469109,0.203233465106878
"140","BRA","65+",0.58010304966128,0.533203609377053,0.451316646263409,0.376997335821117
"141","BRB","0-14",0.00136228360781567,0.000935302527517395,0.00100607643900477,0.00100428477692713
"142","BRB","15-24",0.0035706640574321,0.00293541685931464,0.00247114494395504,0.00228726902285815
"143","BRB","25-54",0.0151231380662972,0.012825546692113,0.0103354780789891,0.00829184328356604
"144","BRB","55-64",0.0370839454390591,0.0303835266702626,0.0249857664403633,0.0194636733999256
"145","BRB","65+",0.064342283370887,0.0565935398259898,0.053148569306273,0.0437115632165737
"146","BRN","0-14",0.00643050647818236,0.00916473890949261,0.0107569023390438,0.00832211557482525
"147","BRN","15-24",0.0205370184077655,0.0134948467429112,0.017556751053413,0.0163154260667499
"148","BRN","25-54",0.0681641889407136,0.0576485037687602,0.049613766745597,0.040833402426481
"149","BRN","55-64",0.117144098638661,0.106750475818796,0.0899310533909708,0.0804209317629992
"150","BRN","65+",0.176354174506747,0.160255475075047,0.140224669338595,0.120044503003666
"151","BTN","0-14",NA,NA,0.0571012396351863,0.0369303245351039
"152","BTN","15-24",NA,0.330729758555161,0.258213965532176,0.171548598104537
"153","BTN","25-54",0.971663402499752,0.928545507493461,0.848803355542001,0.752364382944123
"154","BTN","55-64",NA,0.999999999907752,0.999999918132159,0.999956105041149
"155","BTN","65+",NA,NA,1,0.999808444593194
"156","BWA","0-14",0.0599338816920416,0.0595179488515188,0.0566852468114399,0.0440083391397046
"157","BWA","15-24",0.241534619590498,0.169332196904448,0.160729289711563,0.127517490498378
"158","BWA","25-54",0.590019417714229,0.480951890963767,0.499299411467315,0.432735158841024
"159","BWA","55-64",NA,0.647345696150064,NA,0.688623188519339
"160","BWA","65+",NA,NA,NA,NA
"161","CAF","0-14",NA,0.0807807381611413,0.0872110745619983,0.0660471082531274
"162","CAF","15-24",0.498150758519253,0.357490776990482,0.326663764116656,0.264701869504449
"163","CAF","25-54",0.853562386378803,0.869665381152465,0.806594780499111,0.717009937348159
"164","CAF","55-64",0.999858822847688,NA,NA,0.950814731541501
"165","CAF","65+",0.999999998026609,0.999999762102315,NA,NA
"166","CHE","0-14",0.00308003583857854,0.00233183500273879,0.00185796584501959,0.0017217514516964
"167","CHE","15-24",0.00983763071220635,0.0074169947875857,0.00560271270415737,0.00450774095217152
"168","CHE","25-54",0.052439044588196,0.0399804058957753,0.030002732414777,0.022779498710847
"169","CHE","55-64",0.153396214240224,0.113991130579932,0.080386327804303,0.0622917999992852
"170","CHE","65+",0.280026737929736,0.240855708563264,0.188381170370844,0.151680578332519
"171","CHL","0-14",0.00591010606758458,0.00434334190410101,0.00330693879572583,0.00274475005004123
"172","CHL","15-24",0.0178674529576478,0.0134278962748509,0.0102828440941388,0.00798985686690284
"173","CHL","25-54",0.113209203701804,0.0855574593516377,0.0633709878584102,0.0439085262704333
"174","CHL","55-64",0.308834365306847,0.246490201711793,0.186301570823998,0.136361027235403
"175","CHL","65+",0.582385282824929,0.503738146900073,0.403286653096827,0.285642423342071
"176","CHN","0-14",0.0239527156415665,0.0201798399468561,0.0159651111221401,0.0119324468937701
"177","CHN","15-24",0.0760254850221615,0.0677495177318663,0.0515866794319877,0.0378664770550281
"178","CHN","25-54",0.327390202884187,0.279504530651793,0.227112788631015,0.1823951386293
"179","CHN","55-64",0.647075726691962,0.567756020822353,0.4624982196012,0.405093861073203
"180","CHN","65+",0.860908798278742,0.809596563443451,0.719600122428021,0.637131375066888
"181","CIV","0-14",0.058458804986154,0.061597307186311,0.0473234126750534,0.0358542705594526
"182","CIV","15-24",0.203340239770804,0.185906598142701,0.161334586317784,0.132428085060245
"183","CIV","25-54",0.64887572469159,0.588593265618106,0.507632074124928,0.447197987686155
"184","CIV","55-64",0.93221692411353,0.89338534194733,0.863855580129941,0.755266738732428
"185","CIV","65+",NA,NA,NA,0.819521440992062
"186","CMR","0-14",0.0390786125488987,0.0501182244725274,0.0484606334424658,0.0427456086416668
"187","CMR","15-24",0.0955709844896012,0.116488826062525,0.128765064422876,0.130103813814376
"188","CMR","25-54",0.259188717244809,0.263787349799456,0.261042546005293,0.265640092999298
"189","CMR","55-64",0.353255525065474,0.301047810150734,0.37484417171288,0.339851759635569
"190","CMR","65+",NA,0.454988785587136,0.505232314104004,0.407755543224912
"191","COD","0-14",0.0719502056158794,0.0641961914128952,0.0549138511132565,0.0588205459169338
"192","COD","15-24",0.210484016581563,0.186329647756898,0.154755003003256,0.142845891848379
"193","COD","25-54",0.442171478071996,0.428364364915714,0.387348166737112,0.361127026308018
"194","COD","55-64",0.571001539263819,0.558231135130382,0.559246614372713,0.53668652825294
"195","COD","65+",0.651156524823213,0.731965719763359,0.640829954191583,0.623587227313962
"196","COG","0-14",0.0417970746900365,0.0415394402530255,0.0513813189426909,0.0547672663082579
"197","COG","15-24",0.115743630440847,0.110143841879414,0.0999741137925329,0.110854717351383
"198","COG","25-54",0.18195772704223,0.209651309658655,0.226317096210974,0.220530064247042
"199","COG","55-64",0.152948735855852,0.15065685954562,0.344826024745743,0.282422940338757
"200","COG","65+",NA,0.176270815277978,NA,0.240677010926008
"201","COK","0-14",NA,NA,NA,NA
"202","COK","15-24",NA,NA,NA,NA
"203","COK","25-54",0.0398584786631959,NA,NA,0.0242313266236315
"204","COK","55-64",NA,NA,NA,NA
"205","COK","65+",NA,NA,NA,NA
"206","COL","0-14",0.0105308511459617,0.00945329095756177,0.00726494669503183,0.00552279343844221
"207","COL","15-24",0.0294953933983045,0.0312594764656546,0.0251289115870638,0.0176724047911381
"208","COL","25-54",0.113025753778755,0.105102262427421,0.0898680647050956,0.073244888344607
"209","COL","55-64",0.23570969054779,0.203109206797034,0.181811801113261,0.150989739953643
"210","COL","65+",0.380728362358354,0.344141420856787,0.297515515894715,0.249896318671967
"211","COM","0-14",NA,NA,NA,NA
"212","COM","15-24",0.0328760321545005,0.0330724078485157,0.0292721522937663,0.0178954978441467
"213","COM","25-54",0.118159824822294,0.0993804825163453,0.0995578180641668,0.0765629015465614
"214","COM","55-64",NA,NA,NA,0.162446659579054
"215","COM","65+",NA,NA,NA,NA
"216","CPV","0-14",0.0292802806461113,0.024441606939028,NA,NA
"217","CPV","15-24",0.106496071591348,0.0795572058466271,NA,NA
"218","CPV","25-54",0.338860122126508,0.325507406533966,0.243842509242948,0.238512997844579
"219","CPV","55-64",0.650116494636212,0.604720231830765,NA,0.38743645366528
"220","CPV","65+",0.831227881650102,0.78692657335698,0.687631948448692,0.549002872463372
"221","CRI","0-14",0.00524493862707063,0.00385251323501545,0.00312459449270233,0.00256267171330592
"222","CRI","15-24",0.0174445300812922,0.0122847033872379,0.0112925211046198,0.00779066734878871
"223","CRI","25-54",0.123584808022064,0.092397383115542,0.0692947162383047,0.0495399370834803
"224","CRI","55-64",0.292862567899398,0.261335699047353,0.197391831298374,0.153897226373254
"225","CRI","65+",0.618260819514958,0.530417454524307,0.402715140149005,0.320352161989908
"226","CUB","0-14",0.00501287749265876,0.00316328998944535,0.00242778277557806,0.00217523940619773
"227","CUB","15-24",0.0222727302935044,0.0148186548457794,0.00960321084953379,0.00662430905709234
"228","CUB","25-54",0.126730507206516,0.0936262844762677,0.0686293267423441,0.0500078271851139
"229","CUB","55-64",0.364257781296753,0.283293935715592,0.212485185252113,0.153977200221978
"230","CUB","65+",0.664849259578864,0.602060610494195,0.483879797151881,0.383661724316053
"231","CYM","0-14",0.00171272595548446,0.00130417207612413,0.00114395936759311,0.00119436327547338
"232","CYM","15-24",0.00577384640190144,0.0048837068331526,0.00414906163227879,0.0031466013327342
"233","CYM","25-54",NA,0.0173971230670086,NA,0.0122504906069508
"234","CYM","55-64",0.0679872221421906,NA,NA,0.0314137958963901
"235","CYM","65+",0.128610423985016,0.103975771253627,NA,0.0678229886642649
"236","CYP","0-14",0.00175723015056223,0.00142430314163069,0.00128632388885089,0.00142626351250517
"237","CYP","15-24",0.00424059519858878,0.0041125311419448,0.00349461410652963,0.00334066114990217
"238","CYP","25-54",0.0140789199212669,0.0137970509365313,0.0125607467793061,0.0109015144548026
"239","CYP","55-64",0.0246820979268441,0.0228330821814193,0.0215141538978877,0.0204934229720318
"240","CYP","65+",0.0341709956169599,0.0319848775808079,0.0335683223074935,0.0326273055343857
"241","CZE","0-14",0.00419639431773867,0.00332356468823831,0.00246094700128343,0.00194666507347107
"242","CZE","15-24",0.0144464329957029,0.00999351359039362,0.0079141212958385,0.00612076212533058
"243","CZE","25-54",0.118750319155024,0.0859846114082525,0.0567728395967241,0.0395050373956651
"244","CZE","55-64",0.342631962840831,0.260390143596121,0.163065445034343,0.141513235326451
"245","CZE","65+",0.613528740721556,0.529892736175249,0.411310352997632,0.333080977538086
"246","DEU","0-14",0.00345677598304248,0.00267306728545932,0.00196609541905841,0.0016957048266447
"247","DEU","15-24",0.0109013726842734,0.00817349277849588,0.00645072024536884,0.00501467235320292
"248","DEU","25-54",0.0729178113906186,0.0529961778039904,0.0380263166096387,0.0283570903328934
"249","DEU","55-64",0.213709647193633,0.140615899794296,0.0996271370504338,0.0793891367488586
"250","DEU","65+",0.45631091111634,0.38455045168634,0.267486549853872,0.215888702853679
"251","DJI","0-14",0.0689723717920346,0.0581416492934729,0.0722412710436778,0.0929518557983381
"252","DJI","15-24",0.213751147404178,0.142300660300946,0.197637749345972,0.156346370947061
"253","DJI","25-54",0.497940252234116,0.467849210814517,0.421858150538663,0.410903776644092
"254","DJI","55-64",0.704071516067833,0.604786603482976,NA,0.551859009247951
"255","DJI","65+",NA,0.75790904929321,0.767944936559869,0.719953790103884
"256","DMA","0-14",0.00323232934164101,0.00221742760249476,0.00282036860012324,0.00267081858962911
"257","DMA","15-24",0.0118100367387143,0.00811072284270501,0.00677201266984322,0.00579990650669946
"258","DMA","25-54",0.43469639374027,0.301867870297487,0.183222980113919,0.0920049726306643
"259","DMA","55-64",0.99447933406845,0.937176089125161,0.74451946064711,0.559120464424419
"260","DMA","65+",0.999628176590176,0.999997356211824,0.983660694602111,0.924582375801135
"261","DNK","0-14",0.0024425373244937,0.0023236812731015,0.00198677028964605,0.00173786355416889
"262","DNK","15-24",0.00629071828054556,0.0053721777817392,0.00479459807908396,0.00470161987835271
"263","DNK","25-54",0.0270373448272762,0.0219831058614296,0.0167671953336978,0.0140955002063889
"264","DNK","55-64",0.0516025729311823,0.0431657648100125,0.0352741286329568,0.0289606408382245
"265","DNK","65+",0.0934509312179559,0.0814569301049815,0.0653651942747075,0.053449716088388
"266","DOM","0-14",0.0235548408081919,0.0179278373668607,0.0156292763233774,0.0126154757923611
"267","DOM","15-24",0.0930646896035977,0.0638221505487538,0.0493550933075038,0.0410323343754572
"268","DOM","25-54",0.454836114992361,0.363949795370171,0.283923492821464,0.223741719975059
"269","DOM","55-64",0.874085678639769,0.790935677576076,0.663528012850893,0.553009429264518
"270","DOM","65+",0.984848150534089,0.96594574780052,0.916487779570756,0.844386072771652
"271","DZA","0-14",0.0154588071281158,0.0154061436692283,0.015524397167649,0.0133862352776411
"272","DZA","15-24",0.0564046474573273,0.0389147190298627,0.0348447471044577,0.0297296009103956
"273","DZA","25-54",0.278977851578376,0.223920903480026,0.177537181640208,0.139551905276717
"274","DZA","55-64",0.57250416334987,0.49668649751429,0.417487951024522,0.34189637140992
"275","DZA","65+",0.802435749319447,0.747091494745884,0.610518046972186,0.553504168362307
"276","ECU","0-14",0.0216073961038249,0.0185311060219872,0.0142818153868044,0.00977363149919035
"277","ECU","15-24",0.0756631290390828,0.0555981254900356,0.045936037779324,0.0329486802798988
"278","ECU","25-54",0.302142980336599,0.250112519357995,0.202656197753822,0.151565491865841
"279","ECU","55-64",0.63847866845921,0.538860452578293,0.448906876157838,0.342253816376253
"280","ECU","65+",0.873626465073439,0.819422521607242,0.71354251683596,0.547209212723595
"281","EGY","0-14",0.00799607107863881,0.00580303984814737,0.00452628490593359,0.00398225672185712
"282","EGY","15-24",0.0259927116415561,0.0190537466748023,0.0152369241777163,0.0118558947661984
"283","EGY","25-54",0.145587731913133,0.114369131823783,0.0879925300591568,0.0697216690443073
"284","EGY","55-64",0.382669796677246,0.29787395688098,0.216045308393004,0.17718053863819
"285","EGY","65+",0.647401294888562,0.577017585089006,0.442737205522611,0.363592777857423
"286","ERI","0-14",0.0288139462331995,0.0278328853694259,0.0229073486562917,0.0176865559616291
"287","ERI","15-24",0.0900249631725204,0.0801517386151732,0.065284022614131,0.0682801121404625
"288","ERI","25-54",0.382010645544815,0.315235200625481,0.262985638978214,0.234361591331355
"289","ERI","55-64",0.70531295386566,0.63760837759188,0.56545610150418,0.470639049357984
"290","ERI","65+",0.883181665559833,0.84716894867897,0.748677103696565,0.717984625438101
"291","ESP","0-14",0.00423721920113569,0.00383346445571735,0.00338384567261252,0.00295551696343585
"292","ESP","15-24",0.0120374503993311,0.00913660732728591,0.00821065288032873,0.00839642869450732
"293","ESP","25-54",0.0528630945777157,0.0443378311176684,0.0356756935587545,0.0303795566676
"294","ESP","55-64",0.116920027194652,0.0952076636053816,0.0727655733920151,0.0617915706411987
"295","ESP","65+",0.20654140628328,0.17970324351683,0.142495382633919,0.116401041979523
"296","EST","0-14",0.00835665446436519,0.00861246184885466,0.00711145037623059,0.00532797530176233
"297","EST","15-24",0.024685735213455,0.0176262029844521,0.0141519514846762,0.0124067531416939
"298","EST","25-54",0.0970365206477172,0.0795854345923225,0.0654498293914533,0.0522301311309756
"299","EST","55-64",0.145372594296529,0.104865313858516,0.152004741799016,0.120090527609866
"300","EST","65+",0.306656110270972,0.261673017662529,0.1954326005344,0.165787918189798
"301","ETH","0-14",0.0455379695951349,0.0489631988802646,0.0377877452959754,0.0263990712008527
"302","ETH","15-24",0.166159201639283,0.143865319796545,0.117213031766882,0.0972469906148794
"303","ETH","25-54",0.559652578197379,0.477555097927805,0.3962762758197,0.334696589239793
"304","ETH","55-64",0.8989912612672,0.840707167871959,0.764509789243162,0.669226318596666
"305","ETH","65+",0.979914349410203,0.966026558355315,0.924565013894349,0.874064038103648
"306","FIN","0-14",0.00292599649176687,0.00236838970220367,0.00187495608757635,0.00157573668420167
"307","FIN","15-24",0.00981196814371384,0.00728393313341624,0.00545664837535315,0.00467676574907371
"308","FIN","25-54",0.0580049374687211,0.0432549155966445,0.0312817910217165,0.0227375832229833
"309","FIN","55-64",0.175232906263059,0.115992260125856,0.0805133043098246,0.0618091044909215
"310","FIN","65+",0.356220844952992,0.306456873876681,0.221848249197157,0.175515778094991
"311","FJI","0-14",0.0148145774544855,0.0133635849733801,0.00988650466993285,0.0099877070881924
"312","FJI","15-24",0.0521513226069841,0.0390119543000069,0.0320885582532755,0.02814608809309
"313","FJI","25-54",0.172824447573571,0.144168912256164,0.117250280289652,0.0926017881379922
"314","FJI","55-64",0.381321066958412,0.315553282710635,0.252752974262184,0.188990060459964
"315","FJI","65+",0.584419669836668,0.529524007635961,0.449606629417355,0.350927613088548
"316","FRA","0-14",0.00381383545652496,0.00295659853774168,0.0024877838932837,0.00222553099343932
"317","FRA","15-24",0.0127473867637176,0.00978893683084574,0.00750150699697384,0.00616254098961727
"318","FRA","25-54",0.0586872137634514,0.0462762608811098,0.0365977050168833,0.0296656373771347
"319","FRA","55-64",0.155015932695622,0.119666687483819,0.0856348467306399,0.0655876736390965
"320","FRA","65+",0.297885007826146,0.2532999760569,0.188599070460879,0.152255064851637
"321","FSM","0-14",0.0791081658150984,0.0727578094532382,NA,NA
"322","FSM","15-24",NA,0.0910635365120606,NA,NA
"323","FSM","25-54",NA,0.524163448915416,NA,NA
"324","FSM","55-64",NA,NA,NA,NA
"325","FSM","65+",0.945861843737771,NA,NA,NA
"326","GAB","0-14",0.0472959689146859,0.0676985275266169,0.0789208799443395,0.0642209751933247
"327","GAB","15-24",0.11184649652889,0.135779523490719,0.161415312737565,0.16003910831177
"328","GAB","25-54",0.351607314330462,0.33980391398747,0.364873355718486,0.337613891419285
"329","GAB","55-64",0.370857356027711,0.545982217869074,NA,0.405445513477825
"330","GAB","65+",NA,NA,NA,0.436353933500435
"331","GBR","0-14",0.00263038603462152,0.00248544766159487,0.00255234193574281,0.00251352026433155
"332","GBR","15-24",0.00626298845202361,0.00585050511784121,0.00580764648230093,0.0056457268854759
"333","GBR","25-54",0.0192112670524062,0.0172812059445456,0.015315834652787,0.0137251467148003
"334","GBR","55-64",0.0330494680431799,0.0295586617198647,0.0264664823151815,0.0229939772335573
"335","GBR","65+",0.0500758611846347,0.0457311756936774,0.0418074081815746,0.0367682060832804
"336","GEO","0-14",0.0680790259135502,0.0442473315849925,0.030305963712803,0.0198603534361494
"337","GEO","15-24",0.30121311758359,0.186521567487051,0.132695664953064,0.0860513715929985
"338","GEO","25-54",0.8258713258571,0.735133601007025,0.634794019591123,0.509814251421065
"339","GEO","55-64",0.999554622785765,0.996293990683097,0.987456952890672,0.949306325472314
"340","GEO","65+",0.999999916039389,0.993066601625371,0.999875960784579,0.987706825291912
"341","GHA","0-14",0.0519618773798662,0.050849860450833,0.044409069408601,0.0360591909434451
"342","GHA","15-24",0.172708031423323,0.128876157637051,0.104723767530103,0.100542941220646
"343","GHA","25-54",0.498486550496778,0.427393026882497,0.356965782159096,0.307832252695177
"344","GHA","55-64",0.791114978047421,0.726942704221332,0.650813797015905,0.585784552599666
"345","GHA","65+",0.929435134474051,0.889165953164067,0.817991045676155,0.721813802865798
"346","GIN","0-14",0.0407981047639772,0.0358938439723301,0.0282241616335495,0.0220879454681419
"347","GIN","15-24",0.169494454865659,0.132887793643242,0.10043861532861,0.0714667091611902
"348","GIN","25-54",0.478060053142847,0.434595123587859,0.364233283148772,0.3051885624927
"349","GIN","55-64",0.695775385951229,0.621571805826682,0.61736175084,0.589723540522908
"350","GIN","65+",NA,0.845603803024356,0.788025182838359,0.691048121753367
"351","GMB","0-14",0.0195627515999012,0.0162120131857529,0.0179720621280623,0.0165831886344427
"352","GMB","15-24",NA,0.0283091141512424,0.0546353798842818,0.0443747440778726
"353","GMB","25-54",0.290433397559741,0.241557603263105,0.202132290906916,0.170893632477267
"354","GMB","55-64",NA,NA,NA,0.317924503030807
"355","GMB","65+",NA,NA,NA,0.366004038317243
"356","GNB","0-14",NA,NA,NA,NA
"357","GNB","15-24",NA,NA,NA,0.100313390467197
"358","GNB","25-54",0.195626245778604,0.364089808207934,0.383310631973423,0.308123991909934
"359","GNB","55-64",0.417613206186973,NA,NA,0.344811851411859
"360","GNB","65+",NA,NA,NA,0.661250899822144
"361","GNQ","0-14",NA,0.0167195354115623,NA,NA
"362","GNQ","15-24",NA,0.0117999626751154,NA,0.0278384568098275
"363","GNQ","25-54",0.097051160032079,0.108367542760532,0.113110269801726,0.0857890471953275
"364","GNQ","55-64",NA,NA,NA,NA
"365","GNQ","65+",NA,NA,NA,NA
"366","GRC","0-14",0.00247665081189069,0.00206433392211663,0.00166503961442194,0.00150872430793523
"367","GRC","15-24",0.00658376683701845,0.00534863586022707,0.0045233502605602,0.00412793977847351
"368","GRC","25-54",0.0306960641732921,0.0252893160484458,0.0196079652032851,0.0154181900032251
"369","GRC","55-64",0.0700355003949639,0.0560298542845015,0.0428306893562072,0.033904040551233
"370","GRC","65+",0.122585421476271,0.108382612332833,0.0884522467316486,0.0723513210342067
"371","GRD","0-14",0.00121641438313248,0.00104741471830533,0.000903317666335424,0.00111361934071328
"372","GRD","15-24",0.00237024442478715,0.00232994491263275,0.00245073480770653,0.00219769918379775
"373","GRD","25-54",0.0063483104720368,0.00586064637819428,0.00598340727583484,0.00555496571287907
"374","GRD","55-64",0.0131742575137694,0.0126571230565205,0.0135263166968811,0.010016899813222
"375","GRD","65+",0.0136570338678387,0.0148555807447963,0.0184692997886083,0.0205046683840038
"376","GRL","0-14",NA,NA,NA,NA
"377","GRL","15-24",NA,NA,NA,NA
"378","GRL","25-54",0.209917406478327,0.191929370481268,NA,0.160667844573852
"379","GRL","55-64",0.236906453916576,NA,NA,0.175281690031756
"380","GRL","65+",0.31261704138548,NA,NA,0.204525290534054
"381","GTM","0-14",0.0147540692175628,0.0106929081752119,0.0117910487465284,0.0126597880286411
"382","GTM","15-24",0.0409391675435871,0.028534253539979,0.0269994526544524,0.0254967672366995
"383","GTM","25-54",0.167969300698263,0.137662559777761,0.113616644396779,0.0947467891413785
"384","GTM","55-64",0.296611070988507,0.257688687560987,0.23572916718141,0.202017491986242
"385","GTM","65+",0.409857513725453,0.389034610097962,0.342820463129472,0.302306822677858
"386","GUM","0-14",0.00868285868210229,NA,NA,NA
"387","GUM","15-24",0.0225335909792017,NA,NA,NA
"388","GUM","25-54",0.0617107133046682,0.0549007032036461,NA,0.0544858674583125
"389","GUM","55-64",NA,NA,NA,NA
"390","GUM","65+",NA,NA,NA,0.115797800440419
"391","GUY","0-14",0.019778252411871,0.0179927925266093,0.0165463617390465,0.0128064401256093
"392","GUY","15-24",0.0575448516229532,0.048249106163846,0.0414249620810564,0.0345660091081656
"393","GUY","25-54",0.172931937551089,0.148809294668083,0.12839856365933,0.104864010500505
"394","GUY","55-64",0.320619704186463,0.280419584483612,0.228278657493033,0.194985895374576
"395","GUY","65+",0.452644266716077,0.416172774187443,0.358628284951577,0.299610329427358
"396","HKG","0-14",0.0162833009784063,0.0119072283452337,0.0128628249946318,0.0120027038215667
"397","HKG","15-24",0.0523490411641243,0.0339099457009792,0.0244036356142421,0.0206728757209531
"398","HKG","25-54",0.206296234194599,0.166935936530481,0.131322815731072,0.102355038123048
"399","HKG","55-64",0.380742552222555,0.335822176766626,0.286638321027389,0.237633641935515
"400","HKG","65+",0.561999109386467,0.506143381594933,0.430984604010079,0.362594463740161
"401","HND","0-14",0.0175443046353534,0.0141469215165609,0.0127670768198609,0.0087113610563614
"402","HND","15-24",0.070681859770763,0.0417192776285382,0.0363455980363838,0.0358960986152264
"403","HND","25-54",0.395661827038837,0.306812892260253,0.234810904755105,0.175787231025257
"404","HND","55-64",0.831816123227352,0.71820359886172,0.594562015633426,0.480168809554941
"405","HND","65+",0.981173046251906,0.956299927436711,0.875974770893136,0.80141271920362
"406","HRV","0-14",0.00938119114434193,0.00603435548278988,0.00463646917272021,0.00405587063860902
"407","HRV","15-24",0.0378405324503751,0.0233880609407983,0.0129331008742889,0.00997422279299692
"408","HRV","25-54",0.219959649890428,0.167409812970703,0.119388170262175,0.0835928862294851
"409","HRV","55-64",0.579382928551166,0.454527107146106,0.308014088034041,0.2438270550917
"410","HRV","65+",0.855708387946065,0.790173788202653,0.613040052281553,0.518398231030464
"411","HTI","0-14",0.0372188987575964,0.0382127807662898,0.0385814147657931,0.0317373860382337
"412","HTI","15-24",0.102301374355564,0.090239777785671,0.0932155441405275,0.0902628279841544
"413","HTI","25-54",0.31589231310595,0.290143095654133,0.270235132063761,0.240626381568181
"414","HTI","55-64",0.564800706720654,0.496384452080354,0.426058507154481,0.385982557638351
"415","HTI","65+",0.764492936513934,0.718712463274963,0.639835077480896,0.512021614040565
"416","HUN","0-14",0.00784014529996425,0.00601954268906725,0.00469334146008804,0.00322593174723949
"417","HUN","15-24",0.023592511040876,0.0175405229099214,0.0147551098487829,0.0126072340028979
"418","HUN","25-54",0.152287775753351,0.116112351368557,0.0910490565063582,0.0669604563455126
"419","HUN","55-64",0.396375257130775,0.301590930953406,0.192351010889901,0.173272257767764
"420","HUN","65+",0.76585670588999,0.664241646720423,0.484899992393136,0.399078791076099
"421","IDN","0-14",0.098833658420116,0.0888356112763516,0.079762165520101,0.0670703553432764
"422","IDN","15-24",0.186271218315424,0.226868141764586,0.209385288274833,0.16496440568953
"423","IDN","25-54",0.490109804548053,0.507977546887885,0.492207652379072,0.464376748414497
"424","IDN","55-64",0.712777200827868,0.639000078240972,0.546252013298458,0.552545276007854
"425","IDN","65+",0.817392166774334,0.786750626521505,0.667348075264342,0.636056297918744
"426","IND","0-14",0.0530966151326161,0.0526591239261885,0.0434863631495994,0.0324590466755565
"427","IND","15-24",0.145752540182993,0.142476965148055,0.123423311291997,0.101340574716738
"428","IND","25-54",0.292349172643877,0.286720776908218,0.271971878831133,0.261996995002002
"429","IND","55-64",0.494317891080188,0.453495774770551,0.414528434443089,0.364297905640794
"430","IND","65+",0.653016512467824,0.620428791018654,0.553910149810715,0.499739654205735
"431","IRL","0-14",0.00338275776760759,0.00263097401048305,0.00230907890408397,0.00202881024994584
"432","IRL","15-24",0.0101395818821709,0.00708009842523215,0.00589249271032939,0.00581828148104152
"433","IRL","25-54",0.0520006754093697,0.0407187848704036,0.0314679603992617,0.0262473484521183
"434","IRL","55-64",0.13894405794621,0.104881076120454,0.0737550275814515,0.059748174195725
"435","IRL","65+",0.274235706430119,0.230855808722944,0.1774645184187,0.139774410895808
"436","IRN","0-14",0.00688161538997348,0.00539276761190676,0.00437974115495068,0.00418712007229477
"437","IRN","15-24",0.0204996265976633,0.0165169919572208,0.0135394025485284,0.011428712516207
"438","IRN","25-54",0.0733208542125783,0.0614844977251754,0.0516867806974647,0.0445852115793644
"439","IRN","55-64",0.144684232619375,0.127888262578023,0.113611187225408,0.092990337828891
"440","IRN","65+",0.219951426452449,0.199467259951907,0.175087689148316,0.154508745608795
"441","IRQ","0-14",0.00763416015253746,0.0069838792145782,0.00746204590667932,0.00806611867170573
"442","IRQ","15-24",0.0225526742732934,0.0190840001237953,0.0186342728321853,0.0193815138649379
"443","IRQ","25-54",0.0561115709190227,0.0523483447695311,0.0496662981548719,0.0474237712463197
"444","IRQ","55-64",0.0849558443553333,0.0794698384028302,0.0817380235017268,0.0771623032920382
"445","IRQ","65+",0.11008062511139,0.1059446407023,0.102463474485617,0.100090206739935
"446","ISL","0-14",0.00145975839043822,0.00198681080617643,0.00117973450547421,0.00116424664591274
"447","ISL","15-24",0.00488237635101765,0.0041966212158565,0.00390671935051254,0.00294525217366899
"448","ISL","25-54",0.0245495738202377,0.0195992242748143,0.0144590198601229,0.0115320048123129
"449","ISL","55-64",0.0520541805932445,0.044167377401597,0.0363527742839982,0.0275972886567924
"450","ISL","65+",0.100901803317424,0.0909419220254572,0.0717146148660362,0.059921186725138
"451","ISR","0-14",0.00212642030516273,0.00194304377297933,0.00168622615307221,0.00151367939366741
"452","ISR","15-24",0.00600527949770044,0.00503712932379928,0.00452017642675046,0.00411437182328459
"453","ISR","25-54",0.0228947203151132,0.0191541554779773,0.0157988520012396,0.0133363538501404
"454","ISR","55-64",0.0501318943798872,0.0415956628206199,0.0350159455302992,0.0289490628710834
"455","ISR","65+",0.082631880665888,0.0711703990443406,0.0622323891001084,0.054021184780108
"456","ITA","0-14",0.00244581815378403,0.00213772597399962,0.00185578545056084,0.00170776543482824
"457","ITA","15-24",0.00626312642720213,0.00518412752614801,0.00461358573517953,0.00449486121828536
"458","ITA","25-54",0.025301136713624,0.0216685586011406,0.0171729237083814,0.0139499715529324
"459","ITA","55-64",0.0458284751284668,0.0394008150389756,0.0321456118721577,0.0270450990273212
"460","ITA","65+",0.0759623939320665,0.0679267865441834,0.0577009086146079,0.0481083688387846
"461","JAM","0-14",0.00187551348012497,0.00159443051527266,0.00143762406615326,0.00138896473180592
"462","JAM","15-24",0.00507871598665538,0.00434759894417959,0.00380110044596163,0.00350982456063679
"463","JAM","25-54",0.0158708421083252,0.0137880631944208,0.0122814809621923,0.010627410089593
"464","JAM","55-64",0.0338022756442954,0.0294835074646241,0.0257852792008241,0.0209838622527266
"465","JAM","65+",0.0470418891022797,0.0443540262294097,0.0427019285964969,0.040152534423902
"466","JOR","0-14",0.00255273691864028,0.00202450942531492,0.00173883062120861,0.00155025364553291
"467","JOR","15-24",0.00796435601691696,0.0064827697166772,0.00528370999028685,0.00433051940142294
"468","JOR","25-54",0.0325323043829172,0.0259744922191831,0.0209172896465355,0.0169309893172232
"469","JOR","55-64",0.088915616332019,0.0689477425995053,0.0536316089903074,0.0414873446185429
"470","JOR","65+",0.150376706350925,0.133323640634723,0.1173397243655,0.0944850114925592
"471","JPN","0-14",0.00779213143960379,0.00605894910141388,0.00444928555871629,0.00356400685551636
"472","JPN","15-24",0.0252085108330308,0.0200745844661033,0.0139678235576051,0.0104901579934689
"473","JPN","25-54",0.126967882695827,0.106061770397294,0.084288735764064,0.065446278266731
"474","JPN","55-64",0.28218131043838,0.226360101926592,0.178719154809691,0.150070382048562
"475","JPN","65+",0.483567847747872,0.433079251598032,0.346021604513942,0.271972065838254
"476","KAZ","0-14",0.01660670859433,0.0201277069375357,0.0226909865566005,0.0178490977255656
"477","KAZ","15-24",0.0477649085680933,0.047254984242053,0.0447859532976314,0.0441951504094213
"478","KAZ","25-54",0.0984086441086475,0.101034207616433,0.100695339301712,0.0967749315693358
"479","KAZ","55-64",0.105724219770921,0.127206242944187,0.137331670842185,0.129900435048779
"480","KAZ","65+",0.104959867729176,0.173187453519156,0.141692156836159,0.157809108403188
"481","KEN","0-14",0.0181666998072614,0.0239308694377402,0.0291351673723044,0.029048744106486
"482","KEN","15-24",0.043696005105675,0.0457572309317743,0.0508370192361581,0.0567169563698548
"483","KEN","25-54",0.0911686871834123,0.0938992424345416,0.0964093446477132,0.097888639440165
"484","KEN","55-64",0.129993855079944,0.125489491977211,0.115506666246641,0.111592775372475
"485","KEN","65+",0.16402966815322,0.157614478612172,0.147403165365616,0.127689957028409
"486","KGZ","0-14",0.0426223660488633,0.0477040620400602,0.038317114338288,0.0249805722269769
"487","KGZ","15-24",0.114824072890158,0.122003709574273,0.100225517595996,0.0826141451598242
"488","KGZ","25-54",0.282167799423444,0.273235270672027,0.247567147033699,0.221273635330229
"489","KGZ","55-64",0.202524324133008,0.331879675112407,0.398561378296182,0.356192345594616
"490","KGZ","65+",0.329083432682546,0.529970472805049,NA,0.415620649106509
"491","KHM","0-14",0.155091873414743,0.149913004000533,0.11281740559792,0.0835962657472094
"492","KHM","15-24",0.331093492917946,0.339061993909654,0.326317572684643,0.263877832706698
"493","KHM","25-54",0.87904202257457,0.792805199174753,0.7099965111539,0.617974240718431
"494","KHM","55-64",0.999902896125451,0.99709432591802,0.992203735891401,0.938630844683765
"495","KHM","65+",0.999999683894215,0.997246030855716,0.998616499631503,0.980327545589613
"496","KIR","0-14",NA,NA,NA,NA
"497","KIR","15-24",NA,NA,NA,NA
"498","KIR","25-54",0.255466509995209,NA,NA,0.279057612103209
"499","KIR","55-64",0.125309372485105,NA,NA,0.151948755678799
"500","KIR","65+",NA,NA,NA,NA
"501","KNA","0-14",0.002169856841551,0.00233307285541499,NA,0.00142003357574154
"502","KNA","15-24",0.00421458406755742,0.00403110834279863,NA,0.00383715544234557
"503","KNA","25-54",0.0108634600242684,0.0107857801653222,0.00978054394896021,0.0093458467305144
"504","KNA","55-64",0.0184541281488231,0.016523497058651,0.0176901970436333,0.0158927792433479
"505","KNA","65+",0.0220875530067975,0.0211673653083827,0.0249063810967402,0.0256066048060225
"506","KOR","0-14",0.0209558144972216,0.0152763022761567,0.0143565608696351,0.0130392507691481
"507","KOR","15-24",0.127801548011787,0.0728848504259547,0.0433165605721969,0.0316968877340881
"508","KOR","25-54",0.534631813130047,0.442755395803099,0.345830126759678,0.258769289090278
"509","KOR","55-64",0.942406897956138,0.878397552800117,0.780498581874581,0.658241203047706
"510","KOR","65+",0.99796708791223,0.990673120774391,0.949987559537475,0.872519937252587
"511","KWT","0-14",0.00465810912335639,0.0051411714482152,0.00522120079087041,0.00463928280577603
"512","KWT","15-24",0.0160905557382424,0.0114273782621965,0.0105497697446718,0.0104441539592475
"513","KWT","25-54",0.074347023325671,0.0607880059872826,0.0488527085900219,0.0393807415408747
"514","KWT","55-64",0.156742716222962,0.136181898607798,0.116207906288106,0.0930640429864424
"515","KWT","65+",NA,0.218305332269357,NA,0.162137566858248
"516","LAO","0-14",0.0849744772809968,0.0899299152208774,0.0799649967967266,0.0463795032825227
"517","LAO","15-24",0.199293785848485,0.172005836829508,0.199901238134128,0.159115939871509
"518","LAO","25-54",0.766941853143977,0.664976472195852,0.566944445600388,0.414740827651052
"519","LAO","55-64",0.998587439173407,0.991641940437221,0.961359353478081,0.806580898843935
"520","LAO","65+",0.997998348729079,0.999924415501339,0.998030234713542,0.939812140032783
"521","LBN","0-14",0.00411457784294925,0.00310583464939218,0.00242776912807211,0.00243125375576259
"522","LBN","15-24",0.0124157822382078,0.00956296149644922,0.00789377536112425,0.0063358613576926
"523","LBN","25-54",0.0559041625360925,0.0453857504557176,0.0369685832902273,0.0294707615918043
"524","LBN","55-64",0.123004882981244,0.102350702267076,0.0813167251582656,0.0662523830388
"525","LBN","65+",0.209545246453243,0.183519317369956,0.153203521097495,0.126296249225613
"526","LBR","0-14",0.0432122716733853,0.0562645127995261,0.0483430787254647,0.0368074939707722
"527","LBR","15-24",0.120722371806837,0.158955218384729,0.12792175401404,0.102861546672807
"528","LBR","25-54",0.284680730187017,0.298445982072922,0.274456882939499,0.254033249043466
"529","LBR","55-64",0.357455571354283,0.364228334567891,0.416830487442107,0.396921403299908
"530","LBR","65+",0.503766188019025,0.501786481439832,NA,0.405979045985037
"531","LBY","0-14",0.00931582432934154,0.00782824622356422,0.00666720448587353,0.00681583059049172
"532","LBY","15-24",0.0369046110232045,0.0248246359707081,0.0205059991118045,0.0152064650058008
"533","LBY","25-54",0.20232289449676,0.155025204172815,0.120608215849647,0.0918488218899416
"534","LBY","55-64",0.432376317521449,0.341886854933881,0.229878201285442,0.249209743932669
"535","LBY","65+",0.74276822052666,0.604681318598491,0.414475809407507,0.422300947390299
"536","LCA","0-14",0.00396818361257637,0.00299864151935382,0.0023551666520693,0.00195607190206087
"537","LCA","15-24",0.0117039754468324,0.0103052189676818,0.00822784941882243,0.00649669456150992
"538","LCA","25-54",0.0627386565609253,0.0489910692436752,0.0384503343221238,0.0298623721306533
"539","LCA","55-64",0.172868107954987,0.136119575155646,0.094526088133999,0.0754946721656343
"540","LCA","65+",0.333243552905161,0.288316506991075,0.218575965153058,0.172629925403219
"541","LKA","0-14",0.0127510581270168,0.0118382677785229,0.0113923820845014,0.00953102459270747
"542","LKA","15-24",0.039452617131184,0.0305704750261094,0.0265888671804833,0.0242009739107866
"543","LKA","25-54",0.120180922871008,0.104599353644506,0.0906051711383933,0.0779713218019411
"544","LKA","55-64",0.203778249269671,0.187730261256572,0.175161599571493,0.146361860401787
"545","LKA","65+",0.291247384396674,0.265950484644567,0.24110197306421,0.216644103845455
"546","LSO","0-14",NA,0.0454448931075466,NA,0.0430269456992002
"547","LSO","15-24",0.0811661725245229,0.0824702739713965,NA,0.142528468203549
"548","LSO","25-54",0.453317307061165,0.405727405171764,NA,0.285310363230359
"549","LSO","55-64",0.38151925202327,NA,NA,0.529417372247576
"550","LSO","65+",NA,NA,NA,NA
"551","LTU","0-14",0.0129320662840073,0.0153175098301927,0.0125196091312136,0.00890291025984179
"552","LTU","15-24",0.0429358186043531,0.0357438524235874,0.0371594342492477,0.0296323340594186
"553","LTU","25-54",0.105605905228776,0.100743083038334,0.096984820104815,0.0870839767964091
"554","LTU","55-64",0.134870825607901,0.121165904108154,0.138779850504485,0.136419516451985
"555","LTU","65+",0.228589860278804,0.20156736169659,0.163566375213515,0.151070707848137
"556","LUX","0-14",NA,0.00225594745533772,0.00202814989947395,0.0017281894201097
"557","LUX","15-24",0.00688981598128333,0.00570314963840826,0.00476812764552859,0.00460176882885744
"558","LUX","25-54",0.0298421928084087,0.026279225460893,0.0197395170492491,0.0163875710104747
"559","LUX","55-64",0.0698397672444838,0.0538874473688716,0.0419351229217568,0.0342745468992223
"560","LUX","65+",0.118619252506937,0.103913435537025,0.0859482450976683,0.0686545355468999
"561","LVA","0-14",0.024505122609995,0.0197418345023752,0.0124048257401884,0.00857790215021527
"562","LVA","15-24",0.0867429119779018,0.0598186894196734,0.040312638355788,0.029356329926586
"563","LVA","25-54",0.382539675092472,0.30933529043177,0.238344491453489,0.179755714152674
"564","LVA","55-64",0.573838878808482,0.462129054573116,0.60885821074047,0.478906944474886
"565","LVA","65+",0.915127749414477,0.843640536286458,0.69287951148626,0.649015648135641
"566","MAC","0-14",0.0169380460653401,0.0129642018249708,0.0152433603157148,0.0112363131887415
"567","MAC","15-24",0.0406970191597323,0.0316388722249881,0.0237733501831704,0.0263007248117475
"568","MAC","25-54",0.137390841461382,0.114806892447186,0.0940833244764895,0.0784866263881759
"569","MAC","55-64",0.25023761718009,0.229865515302357,0.186961308104249,0.160643190214374
"570","MAC","65+",0.348673409708105,0.318016646846744,0.282226244286365,0.246390261214736
"571","MAR","0-14",0.0250861374497573,0.0195774703093506,0.0157743614550872,0.0125852343876517
"572","MAR","15-24",0.0773714078980869,0.0631552712495023,0.0520315200548619,0.0389958273502515
"573","MAR","25-54",0.212511124123175,0.203439583933088,0.185139565118381,0.160047778038198
"574","MAR","55-64",0.363116068489302,0.309964466631652,0.25399499534978,0.249229881660499
"575","MAR","65+",0.579201706428244,0.52266398384332,0.402152595380553,0.347316791695677
"576","MCO","0-14",0.00135985362146731,0.000937830990573015,NA,0.000663851795185873
"577","MCO","15-24",0.00211657570519809,0.00261956951883828,NA,0.0019791545977723
"578","MCO","25-54",0.0123534931424852,0.00553503050988809,0.00438085157862401,0.00492812677866506
"579","MCO","55-64",NA,0.0313365936839232,NA,0.0138303552469645
"580","MCO","65+",0.0491202584549214,0.0270018079875806,NA,0.034477006641905
"581","MDA","0-14",0.0226863142152134,0.0299620424547181,0.029993267118477,0.0269926988047364
"582","MDA","15-24",0.0513990156018278,0.0664539588634954,0.0680796546378483,0.0650541871972195
"583","MDA","25-54",0.091349027842696,0.109822467615121,0.123624305724566,0.130851385190346
"584","MDA","55-64",0.0965273227868134,0.115281527517969,0.11359925326331,0.13007735397427
"585","MDA","65+",0.106115293711022,0.109737061425833,0.129091999617398,0.135833998325752
"586","MDG","0-14",0.071121710102385,0.0701268109337287,0.0609556485235762,0.0482391691893843
"587","MDG","15-24",0.240023310825047,0.17756373946735,0.195453769801806,0.149303286442667
"588","MDG","25-54",0.691364561917943,0.62224408434929,0.568753727088798,0.495123781201723
"589","MDG","55-64",0.976881891676248,0.948768777281583,0.902139183076436,0.799137359354952
"590","MDG","65+",0.997033986621049,0.975425690095843,0.972993101076642,0.906357635113371
"591","MDV","0-14",NA,NA,NA,0.00517636314800174
"592","MDV","15-24",NA,NA,NA,0.0172027101553021
"593","MDV","25-54",0.539363363079043,0.45315532450215,NA,0.246851758571105
"594","MDV","55-64",NA,NA,NA,NA
"595","MDV","65+",NA,NA,NA,0.837416712973827
"596","MEX","0-14",0.0095441931683993,0.00621003731917472,0.00430741291112243,0.00354264319514889
"597","MEX","15-24",0.0358203704115755,0.0238915549010317,0.0167042952862726,0.0112504117655205
"598","MEX","25-54",0.249340479219837,0.186556588160483,0.138679945647698,0.0982334496387935
"599","MEX","55-64",0.604931774986655,0.491731402587474,0.37063151786315,0.292907656390238
"600","MEX","65+",0.901556667617818,0.845347264022976,0.710453264111975,0.595494370865933
"601","MHL","0-14",NA,NA,NA,NA
"602","MHL","15-24",0.0213840981456614,NA,NA,NA
"603","MHL","25-54",0.0358087549730795,NA,NA,0.0274368127883759
"604","MHL","55-64",NA,NA,NA,NA
"605","MHL","65+",NA,NA,NA,NA
"606","MKD","0-14",0.00729170204640321,0.00634017638363079,0.0049176614876532,0.00372677557806471
"607","MKD","15-24",0.0259135678647784,0.0180545913891561,0.0137910765270896,0.0111573022910652
"608","MKD","25-54",0.10745578745554,0.0888679379491131,0.0711704026453489,0.0536235295653353
"609","MKD","55-64",0.253219703783781,0.203176819570983,0.153235359183707,0.122102277828917
"610","MKD","65+",0.418168201348674,0.379960138241217,0.295597260924016,0.241135315847217
"611","MLI","0-14",0.0162937486770461,0.0146873898269119,0.0134343514218157,0.011600657350889
"612","MLI","15-24",0.0566424585821058,0.0463638248618128,0.0396785758028268,0.0363312838848614
"613","MLI","25-54",0.17517283053634,0.162024148462072,0.14332830748365,0.123970500516309
"614","MLI","55-64",0.303183527523727,0.283843237297254,0.192885409832431,0.238017060897491
"615","MLI","65+",NA,0.423675209876225,NA,0.361444328857874
"616","MLT","0-14",0.00157855803455592,0.00174528913924097,0.00169870927712126,0.00194855504096136
"617","MLT","15-24",0.0049197897089584,0.00432176082775862,0.00405427707060654,0.00395610567844094
"618","MLT","25-54",0.0166987881891255,0.0147035174094154,0.0123700407801706,0.0106315547651157
"619","MLT","55-64",0.025704696292069,0.0242652258718453,0.0219721739174081,0.0188887463753522
"620","MLT","65+",0.0348668351522948,0.0336928472208485,0.0329878389161397,0.0286553328117402
"621","MMR","0-14",0.0859577697972835,0.0839874336525496,0.0729123791729679,0.0567927420840591
"622","MMR","15-24",0.242132748217715,0.251755100508938,0.243600447980731,0.178825120856001
"623","MMR","25-54",0.59607960829562,0.544538768133299,0.545964296020488,0.488740355090652
"624","MMR","55-64",0.88698287045862,0.856652748065472,0.80212653554743,0.708972578197732
"625","MMR","65+",0.973249732900649,0.964566861181547,0.895620928648103,0.836586573922355
"626","MNG","0-14",0.0827419674076006,0.0546976611824889,0.039934130108087,0.0301400991135038
"627","MNG","15-24",0.338042721831158,0.247100904944996,0.160872796460515,0.104158591067885
"628","MNG","25-54",0.792562407865559,0.736294669053739,0.637565534117041,0.531120361450852
"629","MNG","55-64",NA,NA,NA,0.935176897553344
"630","MNG","65+",0.999985526174607,NA,NA,0.995907158008315
"631","MOZ","0-14",NA,NA,0.0735521461880443,0.0454386308001381
"632","MOZ","15-24",0.207512656702761,0.310769859636394,NA,NA
"633","MOZ","25-54",0.574094968459459,0.482801108892225,0.41844604060397,0.322131478392225
"634","MOZ","55-64",0.905599215598501,0.819252680435427,0.724977071231204,0.633434976961832
"635","MOZ","65+",0.970253106328185,0.963766661955163,0.940988587617106,0.775544722636446
"636","MRT","0-14",NA,0.0533962464379826,0.0349018218768786,0.0255829372068766
"637","MRT","15-24",0.239890443228217,0.219311124902993,0.14945090612464,0.101270618201609
"638","MRT","25-54",0.806848291557255,0.73025290324636,0.626172605537209,0.50183675757538
"639","MRT","55-64",NA,NA,NA,0.96214028540209
"640","MRT","65+",NA,NA,NA,0.935034718756448
"641","MSR","0-14",NA,NA,NA,NA
"642","MSR","15-24",0.00505472704789641,0.00460842560367766,NA,NA
"643","MSR","25-54",0.0126327131574233,0.0117671561816063,0.0107875370373083,0.0100791086845405
"644","MSR","55-64",0.0225384778402823,0.0203776214481835,0.0191374297507822,0.0167836064455494
"645","MSR","65+",0.0236663566357496,0.0278669170800003,0.0305129923434704,0.0287182194760502
"646","MUS","0-14",0.00609026686701754,0.00661183405276505,0.00556335291321615,0.0048943025589338
"647","MUS","15-24",0.0182758264325585,0.0174037968238526,0.0168216487636839,0.013794377702515
"648","MUS","25-54",0.057992005199979,0.0531270118846745,0.0498572830197116,0.0447534014892455
"649","MUS","55-64",0.107221263468596,0.0965893713235584,0.0860093889576677,0.0736857950304713
"650","MUS","65+",0.154065243763375,0.140299065572969,0.127972305902047,0.110739050046147
"651","MWI","0-14",0.0273797724252322,0.0295535922708895,0.0398459462341167,0.0413312009690756
"652","MWI","15-24",0.0787554238392452,0.0903272791028876,0.123702689716678,0.102180702266549
"653","MWI","25-54",0.216181237195351,0.221406214116294,0.195024594584131,0.188110451097106
"654","MWI","55-64",0.303149736605845,0.351553232490525,0.247243123230828,0.252794321474762
"655","MWI","65+",0.541753829779234,0.379131539948908,0.373386035898983,0.391695029876232
"656","MYS","0-14",0.00810315530353251,0.0119871557876651,0.0117763094838195,0.0111701531297482
"657","MYS","15-24",0.0223087419908337,0.0182318135194673,0.021237817530175,0.0254889899118545
"658","MYS","25-54",0.0766305909035304,0.0688930178287133,0.0639768372848665,0.0590718520854274
"659","MYS","55-64",0.114984003595585,0.107226094693214,0.0977021249831052,0.0916118431125841
"660","MYS","65+",0.156325635393242,0.146991599294233,0.131076945882054,0.115612111509206
"661","NAM","0-14",0.062538554729664,0.0799414711704887,0.100374475718067,0.101641324029466
"662","NAM","15-24",0.12333264436501,0.113181921912099,0.250183489597811,0.196517725777782
"663","NAM","25-54",0.252100238693104,0.279862458988396,0.340896274342417,0.377789705643724
"664","NAM","55-64",0.16150826698305,0.126977648582271,0.501248785440755,0.301830129034003
"665","NAM","65+",0.28672102338418,0.389372618153893,0.229497247630187,0.184958407642312
"666","NCL","0-14",NA,0.0039818490036488,0.00502577747278721,0.00369235711457639
"667","NCL","15-24",0.0232123718397405,0.0151899889817418,NA,0.0143496093544512
"668","NCL","25-54",0.302031605400554,0.247647927214736,0.191540620805862,0.119631156036108
"669","NCL","55-64",0.839668331855496,0.727432174128073,NA,0.41812748287426
"670","NCL","65+",0.990231036182091,NA,NA,0.789971371568079
"671","NER","0-14",0.0757269887919243,0.0505463995118552,0.030184964480394,0.0220189882393446
"672","NER","15-24",0.279704909416227,0.228989248221884,0.124088798218137,0.0843600501547398
"673","NER","25-54",0.826083726271916,0.736561817007318,0.624040499912467,0.50546159972795
"674","NER","55-64",NA,NA,NA,0.966577299188266
"675","NER","65+",NA,NA,NA,NA
"676","NGA","0-14",0.0403245874898617,0.0397494781288888,0.0360059267415666,0.0348335776638532
"677","NGA","15-24",0.108787850940713,0.0998947666763649,0.0974559505165642,0.088155897549557
"678","NGA","25-54",0.247286792431548,0.253738198641747,0.245731397177286,0.238819845687564
"679","NGA","55-64",0.309132621920257,0.285866415575246,0.311925779795721,0.325835283314251
"680","NGA","65+",0.452544045126488,0.417844712553513,0.413280029763189,0.340992279798016
"681","NIC","0-14",0.0046309814021225,0.003919161810935,0.00350238747946021,0.00351196296603942
"682","NIC","15-24",0.0136059486664129,0.00929728653005461,0.00842932524173046,0.00881168673455074
"683","NIC","25-54",0.0635439717623399,0.0499023259493867,0.0387451123121346,0.031309325876117
"684","NIC","55-64",0.130698161495319,0.114695614291191,0.101058966178423,0.079809656945152
"685","NIC","65+",0.188178049788539,0.171774806946134,0.150780297757896,0.135711649489315
"686","NLD","0-14",0.00251102292936162,0.00220055072251196,0.00189299337247653,0.00174519422324185
"687","NLD","15-24",0.00741583227635287,0.00600102364839071,0.00509840779395414,0.00449156228723855
"688","NLD","25-54",0.0378824191982565,0.0286414890343877,0.022246265992497,0.017328829164389
"689","NLD","55-64",0.0904390047169547,0.066288005740252,0.0509171580109356,0.0415567157731741
"690","NLD","65+",0.172928701119828,0.149374150802341,0.112217544045685,0.090264860907009
"691","NOR","0-14",0.00193543841967717,0.00186365573062715,0.00171563857694029,0.00179404068135312
"692","NOR","15-24",0.00517325109966179,0.00463701125032467,0.00413245160138759,0.00390853571630789
"693","NOR","25-54",0.0191341826191719,0.0152764499033019,0.0125157710003917,0.0106348858200833
"694","NOR","55-64",0.0342383172839267,0.0293519417869103,0.0257412065801329,0.0214758168887134
"695","NOR","65+",0.0573589025854367,0.0514694675631114,0.0431663646103035,0.0365753586860268
"696","NPL","0-14",0.036952781649649,0.0308943183116754,0.0265705074979991,0.0260712164388802
"697","NPL","15-24",0.132138224444317,0.107946493798587,0.0871564728898537,0.0750481953994262
"698","NPL","25-54",0.343302628974627,0.314412692288904,0.277894108880787,0.248461694864453
"699","NPL","55-64",0.495344597422058,0.509705879404732,0.503738404989712,0.436165106452312
"700","NPL","65+",0.627355141183874,0.665486940037932,0.634416510517785,0.587899761283631
"701","NRU","0-14",NA,NA,NA,NA
"702","NRU","15-24",NA,NA,NA,NA
"703","NRU","25-54",0.0366663591265815,0.0316681260407507,NA,0.0298114350570672
"704","NRU","55-64",NA,NA,NA,NA
"705","NRU","65+",NA,NA,NA,NA
"706","NZL","0-14",0.00247479832935871,0.00225787396522254,0.00202121963372589,0.00185063760625961
"707","NZL","15-24",0.00693359173612954,0.00583558070820946,0.00519299713562273,0.00468585224701646
"708","NZL","25-54",0.0263771218720991,0.0223319132298527,0.0188466529382626,0.0157988913758363
"709","NZL","55-64",0.0590165637871806,0.0489986918188825,0.0398742750279268,0.0332918175458079
"710","NZL","65+",0.101520530989597,0.0883354667978582,0.0754346331042376,0.0630706441129837
"711","OMN","0-14",0.00366157365023324,0.00283991787372872,0.00262551338752455,0.00241762722521818
"712","OMN","15-24",0.0116276693133099,0.0094394601581451,0.00715061001800097,0.00580846396954021
"713","OMN","25-54",0.0452938149845465,0.0380268254061707,0.0304830810436513,0.0252748257976826
"714","OMN","55-64",NA,NA,NA,NA
"715","OMN","65+",NA,NA,NA,NA
"716","PAK","0-14",0.0616801449606297,0.0526141066996314,0.0439940871485152,0.0377305063229577
"717","PAK","15-24",0.186385449021377,0.15852266631443,0.119677358455858,0.0947006451414027
"718","PAK","25-54",0.472107034164065,0.439348882719654,0.384027942466867,0.333230752397581
"719","PAK","55-64",0.718130815744071,0.676348283955115,0.621041630036441,0.562073503608712
"720","PAK","65+",0.867750956214748,0.840718740297741,0.766420299854978,0.697817591563953
"721","PAN","0-14",0.00647729670207457,0.00880089054781012,0.00945359838243282,0.00754199588129498
"722","PAN","15-24",0.021561273262677,0.0136446839307393,0.0140891615991853,0.0209543402825305
"723","PAN","25-54",0.0542978296567675,0.0508209020649369,0.0436023154783212,0.0417441443083624
"724","PAN","55-64",0.0726575247789857,0.0727081264822857,0.0787441586704155,0.0661938840069484
"725","PAN","65+",0.0965455198992959,0.0920026332326749,0.091485899727618,0.0848455160444843
"726","PER","0-14",0.0320926717965299,0.0313674975921761,0.0265615372982928,0.0182057388903997
"727","PER","15-24",0.115331340336494,0.0857548478239662,0.0762625008374986,0.0606805484117215
"728","PER","25-54",0.449134079176947,0.387648783513149,0.324024626325287,0.261487714549098
"729","PER","55-64",0.7878062615284,0.719753971291938,0.636648369142653,0.548636511672418
"730","PER","65+",0.926436307262126,0.90410933717239,0.846217365127398,0.760127911336311
"731","PHL","0-14",0.0896840792024172,0.0852937144269648,0.0689938803741971,0.0566707087679328
"732","PHL","15-24",0.224079844686803,0.210195152470718,0.206971416776826,0.181124412963795
"733","PHL","25-54",0.535950650524656,0.50359248892414,0.48078734790958,0.45389715491396
"734","PHL","55-64",0.780834280991208,0.727620570705124,0.689761499020213,0.648840466379345
"735","PHL","65+",0.93355266576008,0.903197050029967,0.831622939721629,0.73722632460977
"736","PLW","0-14",NA,NA,NA,0.00737515019624094
"737","PLW","15-24",NA,0.0305156107920908,NA,NA
"738","PLW","25-54",NA,NA,NA,0.174395797092176
"739","PLW","55-64",NA,NA,NA,NA
"740","PLW","65+",NA,NA,NA,NA
"741","PNG","0-14",0.051293318379028,0.0876266478316065,NA,NA
"742","PNG","15-24",0.169743344869457,0.110285061972212,NA,0.169872005901663
"743","PNG","25-54",0.389233062487271,0.419206126773198,0.332282213785649,0.395904922822718
"744","PNG","55-64",0.762736111773951,0.726060006883564,0.309601815411227,0.531381661230243
"745","PNG","65+",NA,0.822539080165445,0.565372047864252,0.566250804536967
"746","POL","0-14",0.00608308066246229,0.00540143000040822,0.00448300772280013,0.00372904452080272
"747","POL","15-24",0.0198896862426669,0.0133913496462032,0.0111360766784173,0.0108921067715413
"748","POL","25-54",0.0982622972964085,0.0759047417843604,0.0598054277157914,0.0479279021734763
"749","POL","55-64",0.213272728118196,0.182146330927155,0.139101800731446,0.11502076123218
"750","POL","65+",0.3281148953541,0.28755812581109,0.239589069610366,0.215624911504652
"751","PRI","0-14",0.0023092689460465,0.00173982741854619,0.00109550566911215,0.000989461331223165
"752","PRI","15-24",0.00684398717699746,0.00492567478875352,0.00406386464531065,0.0032328298208008
"753","PRI","25-54",0.0623322646166971,0.0418621547490932,0.0280963710609467,0.0185572879210603
"754","PRI","55-64",0.244970881775885,0.167141897789648,NA,0.0738982222255238
"755","PRI","65+",0.526093725995677,0.437010945615018,0.343844557721974,0.239032734803249
"756","PRK","0-14",0.0123583515671852,0.0636218821858138,NA,0.0649038450675783
"757","PRK","15-24",NA,NA,NA,0.148108899420049
"758","PRK","25-54",0.246699282440277,0.395526594608251,0.295383573115699,0.343645678487881
"759","PRK","55-64",0.328118497272683,0.365022403191995,NA,0.154432059866388
"760","PRK","65+",0.479600103331059,0.473714006279149,0.447582977735021,0.325134799311903
"761","PRT","0-14",0.00672574639471781,0.00681064350296428,0.0057004630840857,0.00463817791070359
"762","PRT","15-24",0.0249434258453615,0.015519303547767,0.0131943535008534,0.0139871533628014
"763","PRT","25-54",0.137247574751725,0.105043250010679,0.0758130209028568,0.055048219962249
"764","PRT","55-64",0.383699321630371,0.291216587942884,0.195879176861404,0.146778648321876
"765","PRT","65+",0.656126582299281,0.580591344158339,0.438998473978437,0.338362476937444
"766","PRY","0-14",0.00966798496063466,0.00837853770099159,0.00783338773170644,0.00607244756861218
"767","PRY","15-24",0.020868033561981,0.0183691432734504,0.0217934663085384,0.0168344021153652
"768","PRY","25-54",0.0695473444543803,0.0624487591450489,0.0568672715770898,0.0514891662815458
"769","PRY","55-64",0.144296844438703,0.117434654297528,0.0818361233283446,0.0749113693335275
"770","PRY","65+",0.226329403939022,0.212001212434012,0.157291873201584,0.135993035526498
"771","PYF","0-14",0.00801276902817154,0.00510975999359498,NA,NA
"772","PYF","15-24",NA,NA,NA,0.0158466865099326
"773","PYF","25-54",0.088199122347041,0.0617993498481708,0.07012617441188,0.0482157239715975
"774","PYF","55-64",0.182937478088882,NA,NA,0.118683076014358
"775","PYF","65+",0.293976677860663,0.268029502434855,NA,0.162669685469401
"776","QAT","0-14",0.00885953965912405,0.00792452919517378,0.00716667071997784,0.00601125882498172
"777","QAT","15-24",0.0249559664180356,0.0181989839071376,0.0149107147341118,0.0144887829115701
"778","QAT","25-54",0.0851044655017097,0.075572215221587,0.0606496881568309,0.0521979142340675
"779","QAT","55-64",NA,NA,NA,0.101764976262503
"780","QAT","65+",NA,NA,NA,NA
"781","ROU","0-14",0.0328564297597109,0.0301698270801673,0.0220268632332005,0.0146933291835188
"782","ROU","15-24",0.118408519276884,0.0817435644409222,0.0625345261260407,0.0458185862234708
"783","ROU","25-54",0.531421393920308,0.44783860104951,0.356072056843333,0.272646428186285
"784","ROU","55-64",0.841808112827064,0.800139191304377,0.735243785572582,0.653029299220008
"785","ROU","65+",0.940397948799622,0.919314239356848,0.861127564774705,0.829251061334888
"786","RUS","0-14",0.0187271878120314,0.0196863246940674,0.0207391934910604,0.0158453638862378
"787","RUS","15-24",0.0501844271894066,0.04623923269196,0.0412668202675669,0.0371574673199277
"788","RUS","25-54",0.121152390438876,0.11701877960974,0.11155098858468,0.102523512091648
"789","RUS","55-64",0.143329805123643,0.148644459139358,0.161463915594806,0.15332242633659
"790","RUS","65+",0.162560856172268,0.162219599500976,0.173549611546528,0.179942057045591
"791","RWA","0-14",0.011293908620089,0.0108599300693502,0.0123912998989018,0.0117415097597427
"792","RWA","15-24",0.0370952682017145,0.0325523509320742,0.0293990064509407,0.0280195803603059
"793","RWA","25-54",0.0854824336357748,0.0796228317288335,0.0762189443531843,0.0718028261953469
"794","RWA","55-64",0.125893996405941,0.121095269194803,0.121436488951194,0.105442179568585
"795","RWA","65+",0.156160475424255,0.154935624113521,0.163987753208849,0.138975824523142
"796","SAU","0-14",0.00337105740150454,0.00321857426565157,0.00310371007361,0.00286043406587594
"797","SAU","15-24",0.00973004066509649,0.00799430325620608,0.0071186637907541,0.0068369441065951
"798","SAU","25-54",0.0274156384904809,0.0251018007808256,0.0224646165138832,0.0202700234907203
"799","SAU","55-64",0.0522951787312779,0.0465141078858255,0.0415932540091235,0.0373101428023918
"800","SAU","65+",0.0611793997069495,NA,NA,0.0529865166323819
"801","SDN","0-14",0.0272702662807679,0.0243009488643502,0.0198811233155223,0.0188747617286259
"802","SDN","15-24",0.100249261558958,0.0806788502491793,0.0563930366789574,0.048536676996542
"803","SDN","25-54",0.311649295353634,0.274813246282056,0.226288405445593,0.187587678472825
"804","SDN","55-64",0.513396976938159,0.466259906705923,0.436151188003408,0.378514427852061
"805","SDN","65+",0.687364384016105,0.661740962169289,0.593229782138108,0.536797967946117
"806","SEN","0-14",0.0331000876577942,0.0341593677146083,0.0276439944231582,0.0248076814376861
"807","SEN","15-24",0.0882015852908302,0.100845167488777,0.0874068106166864,0.0726836104700563
"808","SEN","25-54",0.263066985996934,0.245448360798686,0.236592045703319,0.216676187424703
"809","SEN","55-64",0.383749260560873,0.339726163748938,0.347235334285942,0.2945346079384
"810","SEN","65+",0.547770810602881,0.485347508855648,0.333273113734929,0.395825415763319
"811","SGP","0-14",0.00912866264430964,0.0076962873774838,0.00599596705865698,0.00503637815881877
"812","SGP","15-24",0.0226788209783006,0.0187530334916985,0.0181537523347977,0.0137131611031179
"813","SGP","25-54",0.0925112182246953,0.0785734796030499,0.0637260319727208,0.0536608635132047
"814","SGP","55-64",0.182504316453806,0.158459734296781,0.131262355155398,0.119262230054629
"815","SGP","65+",0.276606881310762,0.248631557978381,0.214163180164372,0.179913225080355
"816","SLB","0-14",NA,NA,NA,NA
"817","SLB","15-24",NA,NA,NA,NA
"818","SLB","25-54",0.630127422213687,0.534522912967314,NA,0.436632302810254
"819","SLB","55-64",0.988374788211897,NA,NA,0.597110477615114
"820","SLB","65+",NA,NA,NA,NA
"821","SLE","0-14",0.0753223391474248,0.0746743286336969,0.064806131470928,0.0490011904491159
"822","SLE","15-24",0.222673360008157,0.235916509451334,0.177881100703974,0.132297065629012
"823","SLE","25-54",0.511103516460739,0.517596454712881,0.443140162816346,0.394730707681543
"824","SLE","55-64",0.730624895946213,0.710196384686822,0.670373416988085,0.628943527805403
"825","SLE","65+",0.888189649038324,0.802511625949159,0.690865643944553,0.722513253402935
"826","SLV","0-14",0.00623538000380418,0.00537058737000469,0.00464189248761921,0.00476812663140305
"827","SLV","15-24",0.0186772137294538,0.0136234515179301,0.0127745817246665,0.012307150318873
"828","SLV","25-54",0.0918139281675205,0.0727955493495439,0.0580470620289911,0.0470111257217217
"829","SLV","55-64",0.19578569831349,0.164518897136379,0.142384069730086,0.114615927739863
"830","SLV","65+",0.327072091130519,0.289203674805209,0.242512256856968,0.202957194541182
"831","SMR","0-14",NA,NA,NA,NA
"832","SMR","15-24",NA,NA,NA,NA
"833","SMR","25-54",NA,NA,NA,NA
"834","SMR","55-64",NA,NA,NA,NA
"835","SMR","65+",0.217652923478424,0.217191681746415,NA,0.112379863561554
"836","SOM","0-14",0.0557338596169406,0.0538376231428622,0.0532739785813955,0.0505242094671269
"837","SOM","15-24",0.199924230127139,0.142250982990478,0.117748710981209,0.138373855952841
"838","SOM","25-54",0.556721536350677,0.484189529994665,0.410235187448182,0.354485913262789
"839","SOM","55-64",0.823362784722862,0.765676511219596,0.733847184799414,0.657102554529615
"840","SOM","65+",0.933383807526436,0.909024469366258,0.876537427807144,0.829310956766963
"841","SUR","0-14",0.0153685254689465,0.0166345813157184,NA,0.00634585625415611
"842","SUR","15-24",0.0718536797636887,0.0479938865346009,0.0350980420446428,0.0302800108882404
"843","SUR","25-54",0.393265506745189,0.305449150180957,0.235557688889768,0.159852402145745
"844","SUR","55-64",0.853073891321803,0.729604079600315,0.495796346892415,0.456076077213991
"845","SUR","65+",0.979631616368629,0.955467876983797,0.830953858202152,0.754213636440222
"846","SVK","0-14",0.00555539441403622,0.00427416454962751,0.00295302613714823,0.00214679660524563
"847","SVK","15-24",0.0202832596843942,0.0140001620920497,0.0104032700195113,0.00768375208244661
"848","SVK","25-54",0.181614526023536,0.128226449191632,0.0850562060529378,0.0584007697778152
"849","SVK","55-64",0.549708418035502,0.414054401819488,0.258467259854328,0.21501369862357
"850","SVK","65+",0.795559678361408,0.696344768352506,0.602597865075648,0.5098044538753
"851","SVN","0-14",0.00571198832112603,0.00374200977216925,NA,0.00221058879804865
"852","SVN","15-24",0.0220161256410188,0.0140313425428617,0.00828130616437616,0.00668192427597075
"853","SVN","25-54",0.182433849643293,0.129783131034501,0.0798176561006473,0.0542100494203451
"854","SVN","55-64",0.507115299414427,0.396426867854861,0.258976512054256,0.186925806916107
"855","SVN","65+",0.875019697773735,0.784676714371747,0.573518042585671,0.48448817077678
"856","SWE","0-14",0.00176575445657718,0.0017474369983983,0.00153000796233209,0.00161038450221693
"857","SWE","15-24",0.00508332966909065,0.00434527144977552,0.00390753574581388,0.0036062470422688
"858","SWE","25-54",0.0161210666766993,0.012642465764183,0.0110791833876244,0.00973493626193014
"859","SWE","55-64",0.0294412067362554,0.0275414776246165,0.0240672597191019,0.0191474263989316
"860","SWE","65+",0.0481961418523951,0.0402616668985695,0.0367589805180198,0.0331900652132015
"861","SWZ","0-14",0.0240990047982346,0.062160954613599,NA,0.0826752651509693
"862","SWZ","15-24",0.0838826476884743,0.154920844140863,NA,0.136168427224301
"863","SWZ","25-54",0.164354984674198,0.169081653135604,0.176543631258609,0.244935584993492
"864","SWZ","55-64",0.137014489439948,0.125182801028544,NA,0.0677868138873153
"865","SWZ","65+",NA,NA,NA,0.231671099099935
"866","SYC","0-14",0.00448850725248547,0.00266516424890387,NA,0.00266364549907143
"867","SYC","15-24",0.0148331100879562,0.0103121072553132,0.00922032262652677,0.00864116727454915
"868","SYC","25-54",0.0481260759824128,0.041365633805374,0.0344007151658096,0.0279932161485508
"869","SYC","55-64",0.0918340480128797,0.0774281034564291,0.0743332727916304,0.0594645317839243
"870","SYC","65+",0.134208037364265,0.120765896868505,0.112280985971576,0.0933775130288878
"871","SYR","0-14",0.00842226089827184,0.00613115770876723,0.00449961733687819,0.00378050579175173
"872","SYR","15-24",0.0258116680559693,0.0203537587257123,0.0157011997654476,0.0138312094251739
"873","SYR","25-54",0.14463142526251,0.110550494089377,0.0846520444254384,0.0686284764554591
"874","SYR","55-64",0.402722611685471,0.309100259542978,0.23185308159804,0.178609479890231
"875","SYR","65+",0.682530259810688,0.609436575827913,0.484845596753297,0.393220046086485
"876","TCA","0-14",NA,NA,NA,0.00363018255311974
"877","TCA","15-24",NA,0.0257719138181646,NA,0.0166126048205159
"878","TCA","25-54",NA,0.113821684909387,NA,NA
"879","TCA","55-64",0.337615013494834,0.258883486876173,NA,NA
"880","TCA","65+",NA,NA,NA,0.300296822312295
"881","TCD","0-14",0.0270952484365424,0.0248883442691127,0.0235857880867028,0.0244219479816675
"882","TCD","15-24",0.0783983113719816,0.0742894346171762,0.0731310782048011,0.0559488703046905
"883","TCD","25-54",0.159217014351739,0.153372701906132,0.143339130601774,0.130458272573761
"884","TCD","55-64",NA,0.151872151105433,NA,0.187910961158706
"885","TCD","65+",NA,NA,NA,0.284877282203415
"886","TGO","0-14",0.00773668112952954,0.00741807603688718,0.00825852318943505,0.00935849944762102
"887","TGO","15-24",0.0219870619253118,0.0240415227803987,0.0232285580996419,0.022144070382329
"888","TGO","25-54",0.0481747782787077,0.0499741948087238,0.0516481493625629,0.0511241412150681
"889","TGO","55-64",0.0624404571718425,0.0510915678753367,0.0737869975873146,0.0640174864822774
"890","TGO","65+",0.0805181545878867,0.085118903836253,0.080014617334647,0.073706996059855
"891","THA","0-14",0.0246431671422589,0.0318823160064152,0.0362708437373583,0.0259804870813376
"892","THA","15-24",0.0610530089688029,0.0417067653535836,0.0667026850233255,0.0733879667478498
"893","THA","25-54",0.349711778085995,0.295284260014672,0.252156503927457,0.215722871168555
"894","THA","55-64",0.558828087852196,0.498511554152,0.457238841845991,0.41729262061106
"895","THA","65+",0.745459386501824,0.672521113238799,0.612584279085962,0.492234597709201
"896","TJK","0-14",0.0444534039436901,0.0522583173824583,0.0399452616449303,0.0209567211336755
"897","TJK","15-24",0.096879933677731,0.123061929054916,0.104124802418977,0.0782440807828694
"898","TJK","25-54",0.263794464753827,0.263159841943258,0.239516398356158,0.214410808395678
"899","TJK","55-64",0.430539105418373,0.31119417332206,NA,0.323262918938087
"900","TJK","65+",NA,0.42024279834028,NA,0.412233140727692
"901","TKM","0-14",0.0448410717951089,0.0535536695411646,0.0392605512859472,0.0218798367038567
"902","TKM","15-24",0.103070876069312,0.140589111433749,0.125340127732229,0.0907638429008693
"903","TKM","25-54",0.359547837104057,0.332370161041251,0.288371784879483,0.249224032585248
"904","TKM","55-64",0.563058483430554,0.573233298377836,0.528221396985869,0.451783933558309
"905","TKM","65+",NA,NA,NA,0.607730759398071
"906","TLS","0-14",NA,NA,NA,NA
"907","TLS","15-24",NA,NA,NA,NA
"908","TLS","25-54",0.472914012486529,0.656806836509585,NA,0.596920763868155
"909","TLS","55-64",NA,0.793006378319701,NA,0.65796646779015
"910","TLS","65+",NA,NA,NA,0.549400118871055
"911","TON","0-14",NA,NA,NA,NA
"912","TON","15-24",NA,0.0089224814651964,NA,0.0118925924262842
"913","TON","25-54",0.0957309955782092,0.0859111716400541,0.0684884474509378,0.0536734111469261
"914","TON","55-64",0.203131455238924,NA,NA,0.116652425390501
"915","TON","65+",0.391843442455229,NA,NA,0.254088657955789
"916","TTO","0-14",0.00262683805719367,0.00250120310677596,0.00266547246908068,0.00270869973646289
"917","TTO","15-24",0.00602596669961508,0.00559775769552727,0.00552976273107448,0.00572462716235546
"918","TTO","25-54",0.0145520751490004,0.0137894526555743,0.0130138627863048,0.0122056371250444
"919","TTO","55-64",0.0242918902798075,0.0227841603730752,0.0215985006519491,0.0195714216011917
"920","TTO","65+",0.0282251955830164,0.0285791244884308,0.0307390306991851,0.0297488323498916
"921","TUN","0-14",0.00498889634269842,0.00474024900157214,0.00434200798736644,0.00466382605882486
"922","TUN","15-24",0.0132712305364719,0.0128165196480177,0.012057021316955,0.0115569668784245
"923","TUN","25-54",0.0332132794011149,0.0333064603248457,0.032122841599989,0.0313704264865485
"924","TUN","55-64",0.0542235977176501,0.0486920201511331,0.0444501076513066,0.0406000088683052
"925","TUN","65+",0.0766933487899925,0.0712322558976147,0.0618607034067096,0.0564741434755062
"926","TUR","0-14",0.00642250065092723,0.00563790624917233,0.00424863875801849,0.0034002813752608
"927","TUR","15-24",0.0216371933671816,0.0170238914617251,0.0141968007667237,0.0108664217791433
"928","TUR","25-54",0.0885922104091336,0.0738091327855756,0.0599947060020419,0.0486163358516582
"929","TUR","55-64",0.208916002267403,0.164502342451763,0.125544639706305,0.106138918053026
"930","TUR","65+",0.370717499356734,0.327291986405063,0.25936909689893,0.208600363008152
"931","TUV","0-14",NA,NA,NA,NA
"932","TUV","15-24",NA,0.035941892361513,NA,NA
"933","TUV","25-54",NA,NA,NA,NA
"934","TUV","55-64",0.998694624365646,NA,NA,NA
"935","TUV","65+",NA,0.999931742891282,NA,NA
"936","TZA","0-14",0.0484319897601201,0.0661901440040892,0.0616278261141754,0.0707581187765027
"937","TZA","15-24",0.0911255704055898,0.109730319979347,0.144258350790471,0.138982353774563
"938","TZA","25-54",0.240685244897272,0.230925140205788,0.215656831507755,0.19053856685153
"939","TZA","55-64",0.399399501984183,0.373593858743449,0.334853723350384,0.272769671657037
"940","TZA","65+",0.521688641409763,0.48998726424275,0.455287665097061,0.328268699823371
"941","UGA","0-14",0.032334890047869,0.0301799012381072,0.0229760427135851,0.0166789611282373
"942","UGA","15-24",0.0874302327943818,0.0708612971916494,0.073695441303672,0.0614614322185096
"943","UGA","25-54",0.320152305038874,0.26248856316644,0.214066294123014,0.160349095036572
"944","UGA","55-64",0.698085602644522,0.603153506022879,0.508583484890503,0.344710313346285
"945","UGA","65+",0.894982347806295,0.848459927347993,0.775801350599301,0.569726032540945
"946","UKR","0-14",0.0155798749154185,0.0174162894181026,0.0173397181682538,0.0153818518388026
"947","UKR","15-24",0.0393094770207826,0.0377291550963886,0.0372646510988473,0.0370953503738295
"948","UKR","25-54",0.08433796206334,0.0859431194102852,0.0851298133109812,0.0829014241845606
"949","UKR","55-64",0.0869457487287456,0.0933366123137489,0.109847221906806,0.108412715035304
"950","UKR","65+",0.124048478312846,0.114242725740135,0.103080773306173,0.104558087332256
"951","URY","0-14",0.00419126963433919,0.00372958269462808,0.00363186066423021,0.00314436676141217
"952","URY","15-24",0.01218472884146,0.00962451669871918,0.00935436462544667,0.00768176177449781
"953","URY","25-54",0.0395841781556852,0.0344230847873113,0.0296892793414392,0.0244100556366417
"954","URY","55-64",0.0824787367032067,0.0710581269162279,0.0591066190956984,0.0472805159995375
"955","URY","65+",0.123807023056218,0.112205306048295,0.0985777020379027,0.0851017233861595
"956","USA","0-14",0.0022250506396836,0.00171963946228132,0.00142609688298278,0.00137926837773795
"957","USA","15-24",0.00749593337866398,0.00562104161545871,0.00435590823818779,0.00365320746968472
"958","USA","25-54",0.0438357152602314,0.0340865490695353,0.0255554641247464,0.0186871962253867
"959","USA","55-64",0.122647621707327,0.0913143424084509,0.066457122326545,0.0513618037180621
"960","USA","65+",0.265873611269246,0.221769487794283,0.171953096457211,0.13173559257417
"961","UZB","0-14",0.0158521248714973,0.0188546223635679,0.01962516226347,0.0154752316704957
"962","UZB","15-24",0.0406372408176527,0.0434865393793233,0.0465497396963893,0.0422316971528602
"963","UZB","25-54",0.0958062211277744,0.0973886291652929,0.100065927791943,0.093816496343553
"964","UZB","55-64",0.122885950517784,0.11423980131292,0.132422541969829,0.120410666114487
"965","UZB","65+",0.152047766297906,0.166430006695801,0.13917313525322,0.147980224252084
"966","VCT","0-14",0.00728120283323466,0.00674897018598671,0.00529917122815163,0.00432845181370639
"967","VCT","15-24",0.0247218135301254,0.0198967016212895,0.0171434486708945,0.0149999699887848
"968","VCT","25-54",0.0992816858479597,0.0834091324433852,0.0698555727649135,0.0569575417729781
"969","VCT","55-64",0.21825985205092,0.174602483979246,0.133953265908268,0.114309274034266
"970","VCT","65+",0.367127301594647,0.322996519919012,0.252647044089805,0.20499881139478
"971","VEN","0-14",0.00500204676858527,0.00490842158506754,0.00444090500934391,0.00404471341655168
"972","VEN","15-24",0.0143213233146971,0.0129705656614058,0.0121818870412347,0.0111140373421505
"973","VEN","25-54",0.0472322177195954,0.0429258914626191,0.0387064753659884,0.0346814607100909
"974","VEN","55-64",0.0897175283411732,0.0782229434078728,0.0661906942018059,0.0602872287650245
"975","VEN","65+",0.139321462535345,0.126128935463281,0.108915380073798,0.0993770194207606
"976","VGB","0-14",NA,NA,0.00123638195074675,0.00147105746634353
"977","VGB","15-24",NA,0.0075399936052608,NA,NA
"978","VGB","25-54",0.28068631068857,0.175198050263394,NA,0.0581668592620389
"979","VGB","55-64",NA,NA,NA,NA
"980","VGB","65+",NA,NA,NA,0.791756462995346
"981","VNM","0-14",0.0437560919728777,0.0391281726711207,0.0341011457052966,0.0271646916541193
"982","VNM","15-24",0.124506751916542,0.102866262619763,0.0938983055906736,0.0881089747398727
"983","VNM","25-54",0.554913880349626,0.45623352575504,0.371459700456341,0.291835595080504
"984","VNM","55-64",0.933788533707774,0.874605228858903,0.77563213786566,0.621601215300108
"985","VNM","65+",0.993671667093486,0.9829520773719,0.959391740970259,0.868727089954214
"986","VUT","0-14",NA,NA,NA,NA
"987","VUT","15-24",0.0746371820741056,NA,NA,NA
"988","VUT","25-54",0.199523501483927,NA,NA,NA
"989","VUT","55-64",NA,NA,NA,NA
"990","VUT","65+",NA,NA,NA,NA
"991","WLF","0-14",NA,NA,NA,NA
"992","WLF","15-24",NA,NA,NA,NA
"993","WLF","25-54",0.53425781517927,NA,NA,NA
"994","WLF","55-64",NA,NA,NA,NA
"995","WLF","65+",0.99999941391097,NA,NA,NA
"996","WSM","0-14",NA,0.0045956362406237,NA,0.00272908486568127
"997","WSM","15-24",0.00983741175370789,NA,NA,0.00532059843140614
"998","WSM","25-54",0.0807762479427845,0.0757868373273007,0.065613408630415,0.0485893292914448
"999","WSM","55-64",0.2259444242869,0.171949818148285,NA,0.103070582214713
"1000","WSM","65+",NA,NA,0.23400093000765,0.219900734744232
"1001","YEM","0-14",0.0285990297739098,0.0239402399474004,0.0158390284802099,0.00998070928211985
"1002","YEM","15-24",0.12263957167351,0.0712508183710103,0.0491790322764164,0.0394680131354822
"1003","YEM","25-54",0.586406965153155,0.465839502185188,0.363733430074929,0.273582028241395
"1004","YEM","55-64",0.975006511273125,0.92792791631834,0.85006213245931,0.727854316733294
"1005","YEM","65+",0.99952686286211,0.998140215577246,0.988542142059708,0.89893005154191
"1006","ZAF","0-14",0.0423708402799973,0.0471735968533538,0.0667330044453051,0.0759860445956596
"1007","ZAF","15-24",0.095917516907495,0.0986083336052331,0.100474909685882,0.10938230091599
"1008","ZAF","25-54",0.174058069368886,0.181098444113204,0.192973900648456,0.198950770451381
"1009","ZAF","55-64",0.186856957404924,0.191570054603156,0.204212414328184,0.22314987856441
"1010","ZAF","65+",0.221913511149623,0.210674141825704,0.211023385784543,0.204087158931235
"1011","ZMB","0-14",0.0622932214819157,0.0776663480092703,0.0593037907769923,0.0421845380236194
"1012","ZMB","15-24",0.239099763276983,0.184204977824685,0.125369188173741,0.115332191047128
"1013","ZMB","25-54",0.638479756173338,0.564236128527808,0.485463185072702,0.408083949717382
"1014","ZMB","55-64",0.947096501831033,0.920787741599664,0.775257171861966,0.728887507927737
"1015","ZMB","65+",0.996963687890088,0.974819317826208,0.915251067678622,0.853480115366606
"1016","ZWE","0-14",0.0299469655199018,0.0449757569737758,0.0413657249618041,0.0314215540357788
"1017","ZWE","15-24",0.0811149171338695,0.115808531690296,0.107234642345325,0.0911011995844812
"1018","ZWE","25-54",0.251902208943127,0.268346898663975,0.251704797467929,0.230444451528465
"1019","ZWE","55-64",0.372622038959603,0.350634913055513,0.334450451577777,0.333693715933475
"1020","ZWE","65+",0.468185189423745,0.470567098999375,0.430329055521386,0.375567531223779
"1021","STP","0-14",NA,NA,NA,NA
"1022","STP","15-24",NA,NA,NA,NA
"1023","STP","25-54",NA,NA,NA,0.144722858880891
"1024","STP","55-64",NA,NA,NA,0.469015460207492
"1025","STP","65+",NA,NA,NA,NA
"1026","MNE","0-14",NA,NA,NA,0.004256448183434
"1027","MNE","15-24",NA,NA,0.0169474466515787,0.0125459014663706
"1028","MNE","25-54",NA,NA,0.186505384150422,0.127101393783134
"1029","MNE","55-64",NA,NA,0.513748720032366,0.394581703247631
"1030","MNE","65+",NA,NA,0.796157372550919,0.716430377285547
"1031","SRB","0-14",NA,NA,0.00633800441420838,0.00510113615800462
"1032","SRB","15-24",NA,NA,0.0185655509527254,0.0125058487258749
"1033","SRB","25-54",NA,NA,0.15466141291346,0.109800135121578
"1034","SRB","55-64",NA,NA,0.424987601858221,0.332950890593889
"1035","SRB","65+",NA,NA,0.696842111860393,0.609392021688196
"1036","SXM","0-14",NA,NA,NA,NA
"1037","SXM","15-24",NA,NA,NA,0.0173064819981069
"1038","SXM","25-54",NA,NA,0.765943521808297,0.634098079079017
"1039","SXM","55-64",NA,NA,NA,NA
"1040","SXM","65+",NA,NA,NA,0.999999999992442
"1041","MNP","0-14",NA,NA,NA,0.00754241005870333
"1042","MNP","15-24",NA,NA,NA,0.0318644135049104
"1043","MNP","25-54",NA,NA,NA,0.0995898216793475
"1044","MNP","55-64",NA,NA,NA,NA
"1045","MNP","65+",NA,NA,NA,NA
"1046","NIU","0-14",NA,NA,NA,NA
"1047","NIU","15-24",NA,NA,NA,NA
"1048","NIU","25-54",NA,NA,NA,NA
"1049","NIU","55-64",NA,NA,NA,NA
"1050","NIU","65+",NA,NA,NA,NA
"1051","PSE","0-14",NA,NA,NA,0.0015608717427364
"1052","PSE","15-24",NA,NA,NA,0.00429133696250384
"1053","PSE","25-54",NA,NA,NA,0.0130222820402791
"1054","PSE","55-64",NA,NA,NA,0.0285408367231283
"1055","PSE","65+",NA,NA,NA,0.0523422431347832
"1056","SSD","0-14",NA,NA,NA,0.016982821897906
"1057","SSD","15-24",NA,NA,NA,0.0471657035716725
"1058","SSD","25-54",NA,NA,NA,0.176229646252235
"1059","SSD","55-64",NA,NA,NA,0.296050205121343
"1060","SSD","65+",NA,NA,NA,0.390951379590796
"1061","TKL","0-14",NA,NA,NA,NA
"1062","TKL","15-24",NA,NA,NA,NA
"1063","TKL","25-54",NA,NA,NA,NA
"1064","TKL","55-64",NA,NA,NA,NA
"1065","TKL","65+",NA,NA,NA,NA
